claim_id,policy_id,customer_id,claim_amount,claim_status,event_date,updated_at
CLM004697,POL000248,CUST001011,2474.69,CLOSED,2026-05-08,2026-05-14 00:00:00
CLM003019,POL001373,CUST001562,6236.84,APPROVED,2026-04-28,2026-05-14 00:00:00
CLM005546,POL000206,CUST001410,2108.81,APPROVED,2026-05-04,2026-05-11 19:00:00
CLM005607,POL001909,CUST002933,4972.14,APPROVED,2026-05-05,2026-05-13 10:00:00
CLM005332,POL000095,CUST002718,15378.18,APPROVED,2026-04-28,2026-05-13 11:00:00
CLM003304,POL001554,CUST002505,1713.74,APPROVED,2026-05-06,2026-05-14 00:00:00
CLM005550,POL001799,CUST000758,3982.79,APPROVED,2026-05-07,2026-05-12 12:00:00
CLM005191,POL000027,CUST002442,2049.6,PENDING,2026-05-12,2026-05-11 18:00:00
CLM003789,POL000348,CUST000255,1631.87,APPROVED,2026-04-27,2026-05-14 00:00:00
CLM005540,POL000149,CUST000780,7051.19,APPROVED,2026-05-12,2026-05-11 09:00:00
CLM000906,POL000726,CUST002906,7702.59,APPROVED,2026-05-06,2026-05-14 00:00:00
CLM005075,POL001993,CUST000158,4557.8,APPROVED,2026-05-09,2026-05-12 21:00:00
CLM005530,POL000835,CUST002670,3877.44,APPROVED,2026-05-04,2026-05-13 14:00:00
CLM004940,POL000127,CUST001792,5936.66,APPROVED,2026-05-01,2026-05-14 00:00:00
CLM005327,POL000065,CUST001435,4763.55,CLOSED,2026-04-28,2026-05-13 07:00:00
CLM004747,POL000638,CUST002021,3838.24,APPROVED,2026-05-01,2026-05-14 00:00:00
CLM005789,POL000784,CUST000233,9565.45,APPROVED,2026-05-04,2026-05-13 11:00:00
CLM005210,POL000229,CUST000777,3132.85,REJECTED,2026-05-03,2026-05-13 02:00:00
CLM004708,POL000630,CUST000130,6469.56,CLOSED,2026-04-27,2026-05-14 00:00:00
CLM005738,POL000828,CUST000667,2919.14,PENDING,2026-05-06,2026-05-12 20:00:00
CLM004203,POL000065,CUST002419,8847.34,CLOSED,2026-05-06,2026-05-14 00:00:00
CLM005783,POL001521,CUST000653,6979.63,CLOSED,2026-05-06,2026-05-13 11:00:00
CLM005490,POL001960,CUST001256,971.55,APPROVED,2026-05-04,2026-05-13 21:00:00
CLM005510,POL001890,CUST002954,3297.47,PENDING,2026-04-26,2026-05-12 22:00:00
CLM002062,POL000685,CUST001660,8032.37,APPROVED,2026-04-30,2026-05-14 00:00:00
CLM002644,POL000792,CUST000229,5729.75,APPROVED,2026-04-30,2026-05-14 00:00:00
CLM004421,POL000829,CUST000610,1477.66,CLOSED,2026-05-11,2026-05-14 00:00:00
CLM003962,POL000834,CUST002724,5555.66,APPROVED,2026-04-27,2026-05-14 00:00:00
CLM004576,POL000889,CUST001466,1423.52,APPROVED,2026-05-09,2026-05-14 00:00:00
CLM003061,POL001533,CUST000827,780.62,APPROVED,2026-04-22,2026-05-14 00:00:00
CLM004430,POL000797,CUST002042,5567.51,CLOSED,2026-04-22,2026-05-14 00:00:00
CLM005306,POL000800,CUST000970,9998.9,REJECTED,2026-04-26,2026-05-11 01:00:00
CLM004507,POL000682,CUST001556,2129.72,CLOSED,2026-04-23,2026-05-14 00:00:00
CLM005489,POL000998,CUST000350,2942.62,CLOSED,2026-05-03,2026-05-12 05:00:00
CLM005743,POL000085,CUST002178,1717.74,REJECTED,2026-05-14,2026-05-11 22:00:00
CLM005638,POL000862,CUST001708,8972.81,REJECTED,2026-05-03,2026-05-13 09:00:00
CLM005650,POL001516,CUST000314,6982.05,PENDING,2026-05-10,2026-05-13 20:00:00
CLM005128,POL001899,CUST002478,6962.54,PENDING,2026-05-07,2026-05-12 04:00:00
CLM005567,POL001901,CUST002294,11734.16,APPROVED,2026-05-03,2026-05-12 13:00:00
CLM002420,POL001835,CUST001309,5185.91,APPROVED,2026-04-25,2026-05-14 00:00:00
CLM005074,POL000488,CUST001703,1343.78,CLOSED,2026-04-25,2026-05-12 09:00:00
CLM004805,POL001497,CUST000979,6457.39,CLOSED,2026-04-22,2026-05-14 00:00:00
CLM005763,POL000476,CUST002272,2048.22,REJECTED,2026-05-09,2026-05-14 00:00:00
CLM000675,POL001559,CUST002930,9636.07,APPROVED,2026-04-22,2026-05-14 00:00:00
CLM005269,POL001934,CUST002214,3229.23,APPROVED,2026-04-27,2026-05-12 23:00:00
CLM002245,POL001992,CUST002475,13153.34,APPROVED,2026-04-23,2026-05-14 00:00:00
CLM005594,POL001204,CUST000175,8946.44,REJECTED,2026-05-02,2026-05-11 01:00:00
CLM000890,POL001569,CUST002386,4858.72,APPROVED,2026-05-08,2026-05-14 00:00:00
CLM004869,POL001277,CUST000462,8871.65,APPROVED,2026-04-25,2026-05-14 00:00:00
CLM002305,POL000956,CUST002218,4448.24,APPROVED,2026-04-22,2026-05-14 00:00:00
CLM004494,POL000736,CUST000675,12546.8,APPROVED,2026-04-29,2026-05-14 00:00:00
CLM000447,POL001865,CUST001728,1045.92,CLOSED,2026-05-06,2026-05-14 00:00:00
CLM002608,POL000213,CUST000375,7877.28,APPROVED,2026-05-08,2026-05-14 00:00:00
CLM001675,POL001397,CUST000796,7466.6,CLOSED,2026-05-08,2026-05-14 00:00:00
CLM004178,POL001987,CUST000461,2359.13,APPROVED,2026-05-01,2026-05-14 00:00:00
CLM005032,POL000364,CUST002585,4993.95,CLOSED,2026-05-10,2026-05-12 22:00:00
CLM005434,POL001691,CUST000350,4591.54,PENDING,2026-05-14,2026-05-11 18:00:00
CLM000652,POL001238,CUST002397,12425.51,APPROVED,2026-05-02,2026-05-14 00:00:00
CLM005585,POL001531,CUST002978,2691.17,REJECTED,2026-05-06,2026-05-13 03:00:00
CLM003493,POL001141,CUST001600,3573.8,CLOSED,2026-04-22,2026-05-14 00:00:00
CLM000450,POL000605,CUST001291,2155.24,CLOSED,2026-05-03,2026-05-14 00:00:00
CLM005046,POL001783,CUST001512,3517.76,APPROVED,2026-04-26,2026-05-13 08:00:00
CLM003191,POL000694,CUST002771,8560.61,APPROVED,2026-05-08,2026-05-14 00:00:00
CLM002790,POL001210,CUST001987,1875.36,APPROVED,2026-04-28,2026-05-14 00:00:00
CLM005362,POL001563,CUST000178,7777.55,CLOSED,2026-04-29,2026-05-13 01:00:00
CLM005596,POL001366,CUST001203,9363.13,APPROVED,2026-05-05,2026-05-12 15:00:00
CLM005158,POL000562,CUST001620,779.43,REJECTED,2026-05-12,2026-05-12 21:00:00
CLM001641,POL000825,CUST000120,5155.45,APPROVED,2026-05-05,2026-05-14 00:00:00
CLM001277,POL001194,CUST001634,3155.13,APPROVED,2026-05-03,2026-05-14 00:00:00
CLM002124,POL001568,CUST000614,16082.74,CLOSED,2026-04-23,2026-05-14 00:00:00
CLM004503,POL001330,CUST001092,12466.61,CLOSED,2026-05-04,2026-05-14 00:00:00
CLM005613,POL001465,CUST002033,3470.34,CLOSED,2026-05-07,2026-05-13 14:00:00
CLM005462,POL000848,CUST002608,11263.53,APPROVED,2026-04-27,2026-05-13 01:00:00
CLM000326,POL001468,CUST000972,1956.62,CLOSED,2026-05-11,2026-05-14 00:00:00
CLM005497,POL000391,CUST000246,8705.19,PENDING,2026-04-28,2026-05-12 15:00:00
CLM005603,POL001873,CUST000303,2125.61,PENDING,2026-05-11,2026-05-13 02:00:00
CLM000195,POL001218,CUST000870,3486.05,APPROVED,2026-04-30,2026-05-14 00:00:00
CLM005697,POL001514,CUST001304,3404.87,REJECTED,2026-05-01,2026-05-11 11:00:00
CLM005618,POL001885,CUST000189,2932.19,CLOSED,2026-04-29,2026-05-13 16:00:00
CLM005384,POL001268,CUST002160,9951.76,CLOSED,2026-05-05,2026-05-12 11:00:00
CLM000403,POL001177,CUST001723,4320.43,CLOSED,2026-04-22,2026-05-14 00:00:00
CLM005155,POL000880,CUST000902,11110.72,PENDING,2026-05-11,2026-05-12 04:00:00
CLM005419,POL001233,CUST001653,13059.03,APPROVED,2026-05-07,2026-05-11 06:00:00
CLM005160,POL000480,CUST002867,6291.21,APPROVED,2026-04-25,2026-05-13 13:00:00
CLM005449,POL001674,CUST002277,406.06,APPROVED,2026-05-11,2026-05-12 00:00:00
CLM005765,POL001726,CUST001836,1854.67,APPROVED,2026-04-25,2026-05-12 22:00:00
CLM005168,POL000481,CUST001646,4238.1,APPROVED,2026-05-01,2026-05-12 01:00:00
CLM005045,POL001762,CUST001525,4490.59,CLOSED,2026-05-12,2026-05-12 11:00:00
CLM004152,POL001943,CUST000389,12948.76,APPROVED,2026-05-08,2026-05-14 00:00:00
CLM005133,POL001263,CUST002083,5371.0,APPROVED,2026-05-05,2026-05-11 09:00:00
CLM000213,POL001600,CUST000801,1427.26,CLOSED,2026-05-06,2026-05-14 00:00:00
CLM005204,POL000555,CUST002994,4990.0,APPROVED,2026-04-25,2026-05-12 22:00:00
CLM005778,POL001059,CUST000727,9098.45,APPROVED,2026-05-14,2026-05-12 21:00:00
CLM002893,POL001190,CUST000263,6350.48,CLOSED,2026-05-07,2026-05-14 00:00:00
CLM005608,POL001142,CUST000116,4009.24,APPROVED,2026-05-11,2026-05-11 03:00:00
CLM005633,POL000531,CUST002999,2683.85,APPROVED,2026-05-14,2026-05-12 18:00:00
CLM003336,POL001005,CUST000114,4843.23,APPROVED,2026-04-28,2026-05-14 00:00:00
CLM001119,POL000545,CUST000010,1285.37,APPROVED,2026-05-06,2026-05-14 00:00:00
CLM005036,POL001317,CUST002101,1476.8,CLOSED,2026-05-07,2026-05-12 15:00:00
CLM000696,POL000298,CUST000887,8361.24,APPROVED,2026-05-08,2026-05-14 00:00:00
CLM005121,POL000600,CUST002659,4740.61,REJECTED,2026-05-02,2026-05-11 05:00:00
CLM005382,POL000046,CUST001173,5147.31,PENDING,2026-05-05,2026-05-12 08:00:00
CLM005686,POL001871,CUST001703,8548.61,REJECTED,2026-05-11,2026-05-11 04:00:00
CLM002802,POL000832,CUST001948,7977.72,CLOSED,2026-05-09,2026-05-14 00:00:00
CLM002839,POL001399,CUST002622,3683.37,APPROVED,2026-05-02,2026-05-14 00:00:00
CLM003900,POL000223,CUST000534,1855.97,APPROVED,2026-05-06,2026-05-14 00:00:00
CLM004721,POL001891,CUST002043,9925.29,APPROVED,2026-05-04,2026-05-14 00:00:00
CLM005413,POL000827,CUST001016,1809.26,PENDING,2026-04-27,2026-05-13 04:00:00
CLM000173,POL001140,CUST000473,9641.86,CLOSED,2026-04-29,2026-05-14 00:00:00
CLM004600,POL000347,CUST002750,4146.15,APPROVED,2026-04-22,2026-05-14 00:00:00
CLM005769,POL001026,CUST001705,2555.05,REJECTED,2026-05-03,2026-05-12 22:00:00
CLM004636,POL000489,CUST000005,7885.0,CLOSED,2026-05-03,2026-05-14 00:00:00
CLM005386,POL001242,CUST002497,3322.23,APPROVED,2026-05-13,2026-05-13 10:00:00
CLM000184,POL000760,CUST000674,8213.41,APPROVED,2026-05-07,2026-05-14 00:00:00
CLM004225,POL001708,CUST001155,5449.84,APPROVED,2026-05-08,2026-05-14 00:00:00
CLM000767,POL001976,CUST002565,4566.55,APPROVED,2026-04-22,2026-05-14 00:00:00
CLM003180,POL001775,CUST001588,1109.72,CLOSED,2026-04-23,2026-05-14 00:00:00
CLM005630,POL001454,CUST000315,4145.05,APPROVED,2026-05-01,2026-05-12 04:00:00
CLM001168,POL000324,CUST002981,5376.05,CLOSED,2026-04-25,2026-05-14 00:00:00
CLM005352,POL000459,CUST000240,4724.24,REJECTED,2026-05-07,2026-05-13 23:00:00
CLM002894,POL001645,CUST000006,6934.86,APPROVED,2026-04-25,2026-05-14 00:00:00
CLM005733,POL000219,CUST001258,1898.67,REJECTED,2026-05-10,2026-05-13 09:00:00
CLM000471,POL001911,CUST001302,10377.4,APPROVED,2026-05-05,2026-05-14 00:00:00
CLM005087,POL000115,CUST001656,893.01,PENDING,2026-05-04,2026-05-12 00:00:00
CLM005356,POL001290,CUST000354,6881.58,APPROVED,2026-05-10,2026-05-12 02:00:00
CLM004781,POL000642,CUST000261,1875.84,APPROVED,2026-05-10,2026-05-14 00:00:00
CLM005169,POL001858,CUST000033,2829.11,PENDING,2026-05-10,2026-05-11 08:00:00
CLM005517,POL001926,CUST002827,3565.09,CLOSED,2026-05-11,2026-05-12 21:00:00
CLM005359,POL001616,CUST002617,8197.12,PENDING,2026-05-03,2026-05-13 18:00:00
CLM002627,POL001759,CUST001310,3643.59,APPROVED,2026-04-30,2026-05-14 00:00:00
CLM005708,POL001474,CUST002420,1985.36,APPROVED,2026-05-02,2026-05-12 23:00:00
CLM000724,POL001138,CUST002334,6413.53,CLOSED,2026-05-01,2026-05-14 00:00:00
CLM003840,POL001811,CUST000748,7869.39,APPROVED,2026-05-10,2026-05-14 00:00:00
CLM005625,POL001325,CUST002919,1895.56,REJECTED,2026-05-02,2026-05-12 23:00:00
CLM001382,POL000389,CUST000399,2363.1,APPROVED,2026-04-30,2026-05-14 00:00:00
CLM001179,POL000505,CUST001778,2522.05,CLOSED,2026-04-30,2026-05-14 00:00:00
CLM005797,POL001164,CUST002201,1297.81,PENDING,2026-04-28,2026-05-11 02:00:00
CLM000585,POL000953,CUST001992,10013.3,CLOSED,2026-04-27,2026-05-14 00:00:00
CLM000641,POL001194,CUST002512,3085.89,APPROVED,2026-05-11,2026-05-14 00:00:00
CLM000475,POL001399,CUST000011,6335.31,APPROVED,2026-05-06,2026-05-14 00:00:00
CLM000196,POL000795,CUST000486,8167.56,APPROVED,2026-04-28,2026-05-14 00:00:00
CLM002750,POL001475,CUST002038,10290.73,CLOSED,2026-05-06,2026-05-14 00:00:00
CLM005267,POL001323,CUST001676,3636.27,REJECTED,2026-05-02,2026-05-12 02:00:00
CLM000132,POL000894,CUST001550,12211.97,APPROVED,2026-05-08,2026-05-14 00:00:00
CLM003894,POL000573,CUST002958,15747.47,CLOSED,2026-04-27,2026-05-14 00:00:00
CLM003450,POL000545,CUST001955,13560.92,APPROVED,2026-04-24,2026-05-14 00:00:00
CLM001423,POL000204,CUST001596,399.95,CLOSED,2026-04-26,2026-05-14 00:00:00
CLM001125,POL000282,CUST000329,4881.88,APPROVED,2026-04-23,2026-05-14 00:00:00
CLM005173,POL001999,CUST001638,3610.65,APPROVED,2026-04-26,2026-05-13 13:00:00
CLM005762,POL001546,CUST001222,8775.69,CLOSED,2026-05-07,2026-05-12 01:00:00
CLM005624,POL001624,CUST000952,2071.46,APPROVED,2026-05-13,2026-05-11 15:00:00
CLM000568,POL000460,CUST000793,9593.15,CLOSED,2026-05-08,2026-05-14 00:00:00
CLM004516,POL001452,CUST001587,4139.11,APPROVED,2026-04-28,2026-05-14 00:00:00
CLM005589,POL001684,CUST001299,4135.84,PENDING,2026-05-09,2026-05-13 19:00:00
CLM005677,POL001826,CUST000347,7302.86,APPROVED,2026-05-10,2026-05-11 22:00:00
CLM001033,POL000961,CUST002618,7057.21,CLOSED,2026-04-26,2026-05-14 00:00:00
CLM005387,POL000761,CUST000760,9480.74,CLOSED,2026-04-27,2026-05-13 09:00:00
CLM005416,POL001507,CUST001009,1640.17,REJECTED,2026-05-09,2026-05-12 15:00:00
CLM005673,POL000257,CUST002755,6190.06,APPROVED,2026-04-25,2026-05-13 09:00:00
CLM005658,POL000452,CUST002119,2819.93,APPROVED,2026-04-27,2026-05-11 12:00:00
CLM005612,POL001925,CUST000964,3579.44,APPROVED,2026-05-05,2026-05-11 19:00:00
CLM005201,POL001871,CUST001785,3384.7,APPROVED,2026-05-03,2026-05-12 20:00:00
CLM005793,POL001853,CUST000263,1085.81,CLOSED,2026-05-02,2026-05-13 21:00:00
CLM005702,POL000395,CUST002012,3006.51,APPROVED,2026-05-13,2026-05-12 20:00:00
CLM000454,POL000730,CUST001974,2681.0,APPROVED,2026-04-24,2026-05-14 00:00:00
CLM001565,POL001178,CUST002444,3778.61,CLOSED,2026-04-27,2026-05-14 00:00:00
CLM005415,POL000500,CUST000740,9609.14,CLOSED,2026-05-07,2026-05-12 10:00:00
CLM004367,POL000354,CUST000796,9536.05,CLOSED,2026-05-02,2026-05-14 00:00:00
CLM005417,POL001047,CUST000201,3268.91,APPROVED,2026-05-11,2026-05-11 20:00:00
CLM002379,POL001951,CUST000737,8870.73,APPROVED,2026-04-23,2026-05-14 00:00:00
CLM005256,POL001875,CUST001338,4317.19,CLOSED,2026-04-28,2026-05-13 17:00:00
CLM005118,POL001323,CUST000138,3707.24,APPROVED,2026-05-08,2026-05-12 00:00:00
CLM001063,POL000845,CUST001075,5627.6,APPROVED,2026-04-26,2026-05-14 00:00:00
CLM005409,POL000568,CUST002007,3153.11,PENDING,2026-05-04,2026-05-11 10:00:00
CLM005004,POL001637,CUST002191,5163.53,APPROVED,2026-05-11,2026-05-11 21:00:00
CLM002212,POL000294,CUST000413,16733.01,APPROVED,2026-05-07,2026-05-14 00:00:00
CLM000357,POL000112,CUST001595,9545.68,APPROVED,2026-04-28,2026-05-14 00:00:00
CLM005572,POL001622,CUST001711,3223.74,CLOSED,2026-05-14,2026-05-13 13:00:00
CLM005549,POL001212,CUST000243,1196.26,APPROVED,2026-04-29,2026-05-11 01:00:00
CLM005482,POL000982,CUST002767,10719.13,REJECTED,2026-05-07,2026-05-12 02:00:00
CLM000501,POL001318,CUST002994,864.33,CLOSED,2026-05-03,2026-05-14 00:00:00
CLM001966,POL001530,CUST002245,1201.07,APPROVED,2026-05-09,2026-05-14 00:00:00
CLM005635,POL000932,CUST001262,1082.14,CLOSED,2026-05-05,2026-05-11 15:00:00
CLM003329,POL001133,CUST001364,1299.38,APPROVED,2026-04-27,2026-05-14 00:00:00
CLM000665,POL000794,CUST001562,452.92,APPROVED,2026-05-10,2026-05-14 00:00:00
CLM005459,POL001463,CUST001367,4655.57,APPROVED,2026-04-27,2026-05-12 08:00:00
CLM005300,POL001994,CUST000098,1446.57,PENDING,2026-05-02,2026-05-12 00:00:00
CLM005579,POL001441,CUST001274,2642.74,PENDING,2026-04-27,2026-05-11 15:00:00
CLM004680,POL001011,CUST000325,7071.57,APPROVED,2026-04-25,2026-05-14 00:00:00
CLM005188,POL000034,CUST000945,12727.09,PENDING,2026-05-06,2026-05-13 20:00:00
CLM005355,POL001563,CUST000305,12489.23,CLOSED,2026-05-06,2026-05-12 22:00:00
CLM005064,POL001301,CUST001371,442.55,APPROVED,2026-04-28,2026-05-12 03:00:00
CLM005735,POL001059,CUST002499,6930.21,PENDING,2026-04-25,2026-05-12 07:00:00
CLM005116,POL000576,CUST002934,986.08,APPROVED,2026-05-09,2026-05-12 22:00:00
CLM005390,POL001071,CUST001490,570.34,APPROVED,2026-04-29,2026-05-13 22:00:00
CLM005316,POL001651,CUST002805,5199.56,REJECTED,2026-05-12,2026-05-11 21:00:00
CLM001876,POL001823,CUST001038,4784.98,APPROVED,2026-04-22,2026-05-14 00:00:00
CLM001013,POL001114,CUST000093,8799.29,APPROVED,2026-04-28,2026-05-14 00:00:00
CLM005039,POL000360,CUST002532,4434.88,PENDING,2026-05-09,2026-05-12 04:00:00
CLM005132,POL001475,CUST002744,4414.56,APPROVED,2026-05-05,2026-05-12 18:00:00
CLM004970,POL000318,CUST001584,6792.48,APPROVED,2026-04-28,2026-05-14 00:00:00
CLM005139,POL000630,CUST002929,11334.56,PENDING,2026-05-06,2026-05-12 14:00:00
CLM004072,POL000734,CUST002095,8057.02,APPROVED,2026-04-28,2026-05-14 00:00:00
CLM005283,POL001852,CUST000978,714.72,APPROVED,2026-04-30,2026-05-12 12:00:00
CLM005393,POL000637,CUST002365,2812.65,APPROVED,2026-05-03,2026-05-12 14:00:00
CLM003898,POL001756,CUST001807,5217.02,APPROVED,2026-04-26,2026-05-14 00:00:00
CLM005558,POL000154,CUST001340,5018.39,PENDING,2026-05-07,2026-05-11 04:00:00
CLM005719,POL001103,CUST001957,3991.51,APPROVED,2026-05-09,2026-05-13 14:00:00
CLM001147,POL001991,CUST002270,8137.87,APPROVED,2026-04-29,2026-05-14 00:00:00
CLM000378,POL001896,CUST001147,3842.54,APPROVED,2026-05-07,2026-05-14 00:00:00
CLM002611,POL000022,CUST001915,15905.2,CLOSED,2026-04-30,2026-05-14 00:00:00
CLM005682,POL000297,CUST001460,2809.04,PENDING,2026-05-06,2026-05-13 16:00:00
CLM003376,POL000186,CUST000598,2390.34,APPROVED,2026-05-05,2026-05-14 00:00:00
CLM003363,POL000793,CUST002272,8282.88,APPROVED,2026-05-11,2026-05-14 00:00:00
CLM005455,POL001525,CUST001877,6564.59,PENDING,2026-05-04,2026-05-12 20:00:00
CLM005117,POL000786,CUST001851,2180.2,APPROVED,2026-05-12,2026-05-12 22:00:00
CLM004809,POL001446,CUST002280,2440.55,APPROVED,2026-04-30,2026-05-14 00:00:00
CLM004287,POL001369,CUST002140,709.85,APPROVED,2026-04-22,2026-05-14 00:00:00
CLM005360,POL000289,CUST000741,10860.48,APPROVED,2026-04-29,2026-05-13 23:00:00
CLM005156,POL001185,CUST002703,9032.5,APPROVED,2026-05-08,2026-05-12 08:00:00
CLM005337,POL001220,CUST001277,1884.83,APPROVED,2026-05-08,2026-05-13 12:00:00
CLM005080,POL001574,CUST001074,1365.47,CLOSED,2026-04-27,2026-05-13 00:00:00
CLM002173,POL001087,CUST002937,2414.78,CLOSED,2026-04-23,2026-05-14 00:00:00
CLM005057,POL000309,CUST001900,1027.24,PENDING,2026-05-08,2026-05-12 19:00:00
CLM005465,POL001673,CUST002917,3676.85,REJECTED,2026-05-05,2026-05-13 20:00:00
CLM000306,POL000002,CUST001935,10679.48,CLOSED,2026-05-03,2026-05-14 00:00:00
CLM005485,POL001295,CUST000937,3132.82,PENDING,2026-05-06,2026-05-12 19:00:00
CLM001649,POL000527,CUST001400,4181.5,APPROVED,2026-04-24,2026-05-14 00:00:00
CLM005161,POL001464,CUST000026,1846.83,CLOSED,2026-05-13,2026-05-13 03:00:00
CLM005774,POL000562,CUST000683,6315.28,APPROVED,2026-04-28,2026-05-13 15:00:00
CLM005240,POL000811,CUST001774,3782.34,CLOSED,2026-05-03,2026-05-12 02:00:00
CLM005104,POL001092,CUST000208,3089.26,PENDING,2026-05-01,2026-05-11 20:00:00
CLM002718,POL001372,CUST001135,5716.88,APPROVED,2026-04-27,2026-05-14 00:00:00
CLM004035,POL000971,CUST000047,9091.21,CLOSED,2026-04-27,2026-05-14 00:00:00
CLM005712,POL000373,CUST000656,3384.77,PENDING,2026-05-10,2026-05-12 16:00:00
CLM005265,POL001576,CUST000386,2973.84,PENDING,2026-04-27,2026-05-11 17:00:00
CLM004132,POL001218,CUST002600,9481.42,APPROVED,2026-05-07,2026-05-14 00:00:00
CLM005009,POL001961,CUST000378,4748.33,PENDING,2026-04-27,2026-05-12 11:00:00
CLM003504,POL000543,CUST002388,4908.63,APPROVED,2026-05-07,2026-05-14 00:00:00
CLM003613,POL001389,CUST000580,6591.95,APPROVED,2026-04-26,2026-05-14 00:00:00
CLM005212,POL001652,CUST002571,3067.24,CLOSED,2026-05-03,2026-05-11 18:00:00
CLM003039,POL001957,CUST000081,7277.43,APPROVED,2026-05-06,2026-05-14 00:00:00
CLM005111,POL000930,CUST001839,3546.59,APPROVED,2026-05-09,2026-05-12 00:00:00
CLM005223,POL001435,CUST001392,2528.0,PENDING,2026-04-25,2026-05-13 17:00:00
CLM000623,POL001862,CUST000723,13349.67,APPROVED,2026-04-24,2026-05-14 00:00:00
CLM004176,POL001328,CUST001322,12629.28,APPROVED,2026-05-05,2026-05-14 00:00:00
CLM002464,POL000264,CUST001727,885.68,CLOSED,2026-04-29,2026-05-14 00:00:00
CLM003565,POL000284,CUST001308,5810.26,APPROVED,2026-05-08,2026-05-14 00:00:00
CLM005616,POL001061,CUST000077,11236.49,APPROVED,2026-05-08,2026-05-13 20:00:00
CLM005714,POL000604,CUST002275,6235.45,PENDING,2026-04-27,2026-05-11 04:00:00
CLM001537,POL000204,CUST002588,3400.21,CLOSED,2026-05-04,2026-05-14 00:00:00
CLM004263,POL001737,CUST002656,1896.79,CLOSED,2026-05-03,2026-05-14 00:00:00
CLM000930,POL001853,CUST000307,3889.49,APPROVED,2026-04-30,2026-05-14 00:00:00
CLM005699,POL001667,CUST002816,2856.3,PENDING,2026-05-10,2026-05-11 20:00:00
CLM003127,POL000260,CUST000402,9914.93,APPROVED,2026-04-23,2026-05-14 00:00:00
CLM004884,POL001367,CUST000566,1651.45,CLOSED,2026-05-05,2026-05-14 00:00:00
CLM005026,POL001799,CUST000426,3884.04,CLOSED,2026-05-08,2026-05-11 16:00:00
CLM005599,POL001762,CUST000335,8218.58,CLOSED,2026-05-13,2026-05-12 05:00:00
CLM005757,POL001646,CUST001511,6384.14,CLOSED,2026-05-09,2026-05-11 18:00:00
CLM005330,POL000300,CUST002541,19075.01,REJECTED,2026-05-11,2026-05-13 14:00:00
CLM005432,POL001515,CUST000790,911.44,APPROVED,2026-05-09,2026-05-12 02:00:00
CLM003485,POL001233,CUST002878,4502.92,APPROVED,2026-04-22,2026-05-14 00:00:00
CLM001059,POL001021,CUST002278,2540.28,APPROVED,2026-05-07,2026-05-14 00:00:00
CLM001983,POL000137,CUST000215,4785.52,APPROVED,2026-05-09,2026-05-14 00:00:00
CLM005143,POL001223,CUST001854,5067.98,APPROVED,2026-05-06,2026-05-12 14:00:00
CLM001459,POL001254,CUST002500,8748.05,APPROVED,2026-05-02,2026-05-14 00:00:00
CLM004956,POL001205,CUST000067,9280.59,APPROVED,2026-05-08,2026-05-14 00:00:00
CLM002982,POL000969,CUST000046,8685.47,APPROVED,2026-05-04,2026-05-14 00:00:00
CLM005247,POL001364,CUST002981,8958.12,PENDING,2026-05-10,2026-05-12 22:00:00
CLM000861,POL000958,CUST000199,3231.48,APPROVED,2026-04-24,2026-05-14 00:00:00
CLM005759,POL001966,CUST002091,8113.38,APPROVED,2026-05-08,2026-05-12 02:00:00
CLM002782,POL001739,CUST000772,4277.97,APPROVED,2026-05-06,2026-05-14 00:00:00
CLM004538,POL000630,CUST000566,9123.67,APPROVED,2026-05-05,2026-05-14 00:00:00
CLM005584,POL001011,CUST000812,6032.94,PENDING,2026-05-04,2026-05-11 05:00:00
CLM005581,POL000849,CUST002557,1022.55,APPROVED,2026-05-01,2026-05-13 09:00:00
CLM005207,POL001910,CUST001280,6846.23,APPROVED,2026-05-12,2026-05-12 04:00:00
CLM005429,POL000423,CUST000292,3724.04,APPROVED,2026-05-02,2026-05-11 06:00:00
CLM005146,POL001273,CUST000980,7348.78,APPROVED,2026-05-07,2026-05-13 20:00:00
CLM005537,POL000824,CUST001381,678.6,PENDING,2026-05-14,2026-05-11 03:00:00
CLM002859,POL001421,CUST001772,2306.03,CLOSED,2026-05-07,2026-05-14 00:00:00
CLM005636,POL000757,CUST001889,6389.93,APPROVED,2026-05-04,2026-05-13 07:00:00
CLM005065,POL001313,CUST002028,5761.1,CLOSED,2026-05-04,2026-05-12 08:00:00
CLM002836,POL000993,CUST002874,6138.91,APPROVED,2026-05-06,2026-05-14 00:00:00
CLM000413,POL001024,CUST002150,5655.98,CLOSED,2026-04-30,2026-05-14 00:00:00
CLM004493,POL000363,CUST001092,5361.55,APPROVED,2026-04-24,2026-05-14 00:00:00
CLM000951,POL001876,CUST000732,3825.32,APPROVED,2026-04-23,2026-05-14 00:00:00
CLM003026,POL001809,CUST000516,5235.94,APPROVED,2026-04-28,2026-05-14 00:00:00
CLM005750,POL001845,CUST002381,3177.96,APPROVED,2026-05-09,2026-05-13 10:00:00
CLM005582,POL000799,CUST000610,10853.88,PENDING,2026-05-07,2026-05-11 23:00:00
CLM003314,POL000585,CUST001987,4460.05,CLOSED,2026-05-02,2026-05-14 00:00:00
CLM005113,POL000582,CUST002411,7730.15,CLOSED,2026-05-03,2026-05-12 15:00:00
CLM000877,POL001249,CUST002616,6697.19,CLOSED,2026-04-27,2026-05-14 00:00:00
CLM005527,POL001208,CUST000527,2604.33,APPROVED,2026-05-11,2026-05-12 04:00:00
CLM005030,POL000247,CUST001277,3682.94,APPROVED,2026-05-06,2026-05-13 04:00:00
CLM005785,POL000733,CUST002467,1218.95,APPROVED,2026-05-13,2026-05-12 02:00:00
CLM005756,POL000578,CUST002257,2190.23,APPROVED,2026-04-28,2026-05-12 03:00:00
CLM005124,POL001577,CUST001911,2827.07,CLOSED,2026-05-08,2026-05-13 14:00:00
CLM005401,POL001153,CUST002115,6032.57,REJECTED,2026-05-07,2026-05-12 12:00:00
CLM000388,POL001984,CUST002929,7163.29,APPROVED,2026-05-10,2026-05-14 00:00:00
CLM000371,POL001642,CUST001869,9094.04,APPROVED,2026-04-27,2026-05-14 00:00:00
CLM005106,POL000669,CUST001699,2603.8,APPROVED,2026-04-30,2026-05-12 12:00:00
CLM005542,POL001900,CUST000506,2715.75,APPROVED,2026-05-04,2026-05-13 16:00:00
CLM003757,POL000622,CUST000581,5307.37,APPROVED,2026-05-08,2026-05-14 00:00:00
CLM005604,POL001423,CUST002014,2151.5,APPROVED,2026-05-04,2026-05-11 15:00:00
CLM005293,POL000750,CUST001150,4636.13,PENDING,2026-04-28,2026-05-11 05:00:00
CLM005170,POL000250,CUST001214,1736.85,PENDING,2026-05-02,2026-05-12 12:00:00
CLM005687,POL001901,CUST002302,4949.0,REJECTED,2026-05-08,2026-05-13 00:00:00
CLM000688,POL001371,CUST000543,3466.28,CLOSED,2026-04-28,2026-05-14 00:00:00
CLM002741,POL000722,CUST000829,3318.99,APPROVED,2026-04-23,2026-05-14 00:00:00
CLM003766,POL001836,CUST001928,7061.17,APPROVED,2026-04-29,2026-05-14 00:00:00
CLM005640,POL001297,CUST000586,4166.53,APPROVED,2026-05-07,2026-05-12 04:00:00
CLM005331,POL000704,CUST002741,3388.6,PENDING,2026-04-27,2026-05-12 18:00:00
CLM005216,POL000889,CUST001335,2581.01,CLOSED,2026-05-03,2026-05-12 18:00:00
CLM002104,POL000482,CUST001067,7900.34,CLOSED,2026-04-28,2026-05-14 00:00:00
CLM005583,POL000255,CUST001294,4265.04,CLOSED,2026-04-29,2026-05-12 05:00:00
CLM004381,POL000885,CUST001311,1185.34,CLOSED,2026-05-06,2026-05-14 00:00:00
CLM003118,POL001668,CUST000268,3617.82,APPROVED,2026-05-03,2026-05-14 00:00:00
CLM005771,POL001192,CUST000293,3716.01,APPROVED,2026-04-30,2026-05-11 16:00:00
CLM001732,POL000601,CUST001796,7425.67,CLOSED,2026-04-26,2026-05-14 00:00:00
CLM001253,POL000010,CUST002987,7151.65,APPROVED,2026-04-23,2026-05-14 00:00:00
CLM005458,POL000778,CUST002362,2662.26,APPROVED,2026-04-27,2026-05-13 08:00:00
CLM005264,POL000430,CUST002873,4015.57,APPROVED,2026-04-27,2026-05-11 02:00:00
CLM003940,POL001022,CUST001137,1569.91,CLOSED,2026-04-24,2026-05-14 00:00:00
CLM005725,POL001212,CUST002082,2230.21,PENDING,2026-04-27,2026-05-12 02:00:00
CLM005120,POL001283,CUST001427,9705.32,APPROVED,2026-04-27,2026-05-13 10:00:00
CLM005130,POL000291,CUST000415,1426.5,APPROVED,2026-05-11,2026-05-13 05:00:00
CLM002863,POL001095,CUST000801,2382.87,APPROVED,2026-04-27,2026-05-14 00:00:00
CLM004266,POL001664,CUST000101,5587.3,APPROVED,2026-05-08,2026-05-14 00:00:00
CLM005019,POL001557,CUST001823,3576.23,PENDING,2026-05-03,2026-05-12 09:00:00
CLM005281,POL000965,CUST000565,1695.57,CLOSED,2026-05-11,2026-05-13 10:00:00
CLM005217,POL000439,CUST000358,1480.58,APPROVED,2026-05-08,2026-05-13 00:00:00
CLM005336,POL000762,CUST001926,490.87,CLOSED,2026-04-28,2026-05-12 19:00:00
CLM004250,POL001809,CUST000482,5017.46,APPROVED,2026-05-04,2026-05-14 00:00:00
CLM005389,POL001562,CUST000415,6265.26,PENDING,2026-05-05,2026-05-13 07:00:00
CLM005365,POL001542,CUST001426,2827.17,PENDING,2026-05-13,2026-05-13 13:00:00
CLM005503,POL001459,CUST002223,9543.07,APPROVED,2026-04-30,2026-05-13 14:00:00
CLM005317,POL000075,CUST002986,4372.76,CLOSED,2026-05-01,2026-05-12 13:00:00
CLM005013,POL001810,CUST000906,9253.87,CLOSED,2026-05-12,2026-05-12 18:00:00
CLM000379,POL000472,CUST002709,2572.91,CLOSED,2026-05-07,2026-05-14 00:00:00
CLM005611,POL001151,CUST002832,938.69,PENDING,2026-05-12,2026-05-12 06:00:00
CLM005671,POL000503,CUST000507,9844.46,PENDING,2026-05-06,2026-05-11 22:00:00
CLM003175,POL001060,CUST002170,4471.45,APPROVED,2026-05-09,2026-05-14 00:00:00
CLM005721,POL001146,CUST001660,3053.31,PENDING,2026-05-13,2026-05-13 20:00:00
CLM005515,POL000461,CUST000098,1472.97,APPROVED,2026-05-03,2026-05-12 15:00:00
CLM001060,POL001152,CUST000402,2368.04,CLOSED,2026-04-30,2026-05-14 00:00:00
CLM005185,POL001058,CUST002522,3527.36,CLOSED,2026-05-05,2026-05-13 01:00:00
CLM004031,POL001338,CUST001941,3158.25,APPROVED,2026-05-03,2026-05-14 00:00:00
CLM004914,POL000402,CUST002235,23794.78,CLOSED,2026-05-01,2026-05-14 00:00:00
CLM005263,POL001509,CUST001795,2948.27,APPROVED,2026-04-28,2026-05-12 23:00:00
CLM000424,POL000287,CUST002444,7753.25,APPROVED,2026-04-25,2026-05-14 00:00:00
CLM004434,POL001037,CUST002836,6106.95,APPROVED,2026-05-07,2026-05-14 00:00:00
CLM005617,POL001407,CUST002461,1315.14,PENDING,2026-05-13,2026-05-11 04:00:00
CLM005380,POL001250,CUST000545,9677.53,APPROVED,2026-05-11,2026-05-11 11:00:00
CLM005772,POL000570,CUST000269,9069.38,REJECTED,2026-05-09,2026-05-12 11:00:00
CLM003465,POL001330,CUST001719,8849.88,APPROVED,2026-05-02,2026-05-14 00:00:00
CLM002289,POL001947,CUST001974,4947.14,APPROVED,2026-05-04,2026-05-14 00:00:00
CLM005562,POL000114,CUST000806,4713.17,CLOSED,2026-05-11,2026-05-12 10:00:00
CLM005287,POL000802,CUST000070,4036.91,APPROVED,2026-04-30,2026-05-12 03:00:00
CLM005501,POL001347,CUST000972,1798.5,REJECTED,2026-05-04,2026-05-11 18:00:00
CLM004156,POL001224,CUST000216,5816.1,CLOSED,2026-04-24,2026-05-14 00:00:00
CLM005779,POL001293,CUST001877,2349.9,CLOSED,2026-05-01,2026-05-12 03:00:00
CLM005251,POL001961,CUST001586,4708.46,APPROVED,2026-05-12,2026-05-11 09:00:00
CLM000651,POL001952,CUST001529,9347.83,APPROVED,2026-04-25,2026-05-14 00:00:00
CLM005535,POL001516,CUST002662,4220.28,CLOSED,2026-05-08,2026-05-11 09:00:00
CLM000740,POL001855,CUST001279,5870.05,APPROVED,2026-04-28,2026-05-14 00:00:00
CLM005255,POL001795,CUST001119,2387.86,APPROVED,2026-05-07,2026-05-13 18:00:00
CLM005427,POL000891,CUST002173,1308.0,PENDING,2026-05-02,2026-05-11 15:00:00
CLM004990,POL001566,CUST000906,2389.3,APPROVED,2026-04-28,2026-05-14 00:00:00
CLM005172,POL001269,CUST000227,719.1,APPROVED,2026-04-25,2026-05-11 14:00:00
CLM005297,POL000721,CUST001695,3351.07,APPROVED,2026-04-25,2026-05-12 08:00:00
CLM005052,POL001636,CUST001919,2904.8,CLOSED,2026-05-11,2026-05-11 07:00:00
CLM005681,POL001501,CUST000647,6309.76,REJECTED,2026-04-28,2026-05-13 14:00:00
CLM005519,POL000275,CUST000559,1479.58,APPROVED,2026-05-01,2026-05-11 17:00:00
CLM005225,POL000046,CUST001942,3164.62,APPROVED,2026-04-26,2026-05-13 16:00:00
CLM005586,POL000250,CUST001885,7711.58,REJECTED,2026-05-02,2026-05-12 14:00:00
CLM005722,POL001306,CUST002784,3146.7,APPROVED,2026-05-12,2026-05-12 15:00:00
CLM003691,POL001518,CUST001774,11567.92,APPROVED,2026-05-11,2026-05-14 00:00:00
CLM005397,POL000601,CUST000905,747.16,PENDING,2026-05-03,2026-05-11 12:00:00
CLM005049,POL001488,CUST000989,2960.26,APPROVED,2026-04-26,2026-05-12 01:00:00
CLM005742,POL001327,CUST001815,1317.39,PENDING,2026-05-03,2026-05-12 05:00:00
CLM005591,POL001003,CUST000364,6881.84,PENDING,2026-04-26,2026-05-11 06:00:00
CLM001263,POL000365,CUST002246,8256.26,CLOSED,2026-05-04,2026-05-14 00:00:00
CLM000408,POL001690,CUST002150,12058.3,CLOSED,2026-04-23,2026-05-14 00:00:00
CLM001638,POL000504,CUST002440,6434.84,CLOSED,2026-05-11,2026-05-14 00:00:00
CLM004384,POL000773,CUST002818,2693.76,APPROVED,2026-05-06,2026-05-14 00:00:00
CLM000434,POL000937,CUST000606,5245.8,APPROVED,2026-05-11,2026-05-14 00:00:00
CLM000632,POL000766,CUST000615,5699.37,APPROVED,2026-05-07,2026-05-14 00:00:00
CLM003133,POL000633,CUST001243,4016.54,CLOSED,2026-04-30,2026-05-14 00:00:00
CLM004023,POL001272,CUST001905,3790.7,APPROVED,2026-04-22,2026-05-14 00:00:00
CLM005274,POL001203,CUST000911,9315.1,PENDING,2026-05-12,2026-05-12 10:00:00
CLM005412,POL000093,CUST002028,1696.94,APPROVED,2026-04-28,2026-05-11 19:00:00
CLM005358,POL001075,CUST002853,3389.68,REJECTED,2026-05-14,2026-05-11 12:00:00
CLM005043,POL000736,CUST001947,3145.44,APPROVED,2026-05-11,2026-05-13 16:00:00
CLM005736,POL000568,CUST001197,1780.36,APPROVED,2026-05-13,2026-05-12 08:00:00
CLM005110,POL000952,CUST002482,1444.16,APPROVED,2026-05-04,2026-05-11 04:00:00
CLM004955,POL001762,CUST002258,15212.1,APPROVED,2026-05-05,2026-05-14 00:00:00
CLM005309,POL000716,CUST002856,8045.38,CLOSED,2026-04-28,2026-05-13 02:00:00
CLM000373,POL000894,CUST002525,11613.15,APPROVED,2026-04-25,2026-05-14 00:00:00
CLM000172,POL000468,CUST002944,4898.23,APPROVED,2026-04-23,2026-05-14 00:00:00
CLM005195,POL000932,CUST001524,3279.88,CLOSED,2026-05-12,2026-05-11 22:00:00
CLM004761,POL000511,CUST002839,5456.11,APPROVED,2026-04-28,2026-05-14 00:00:00
CLM005101,POL001250,CUST001386,2431.89,APPROVED,2026-05-05,2026-05-13 10:00:00
CLM005253,POL001236,CUST000375,2790.47,REJECTED,2026-05-02,2026-05-12 03:00:00
CLM005035,POL000402,CUST000962,2301.7,REJECTED,2026-04-25,2026-05-11 12:00:00
CLM004686,POL000066,CUST002271,11737.8,CLOSED,2026-04-24,2026-05-14 00:00:00
CLM003446,POL001008,CUST002770,4456.56,APPROVED,2026-05-01,2026-05-14 00:00:00
CLM005377,POL000695,CUST000157,1979.48,REJECTED,2026-05-10,2026-05-12 10:00:00
CLM005385,POL000040,CUST001227,1611.79,APPROVED,2026-05-03,2026-05-13 13:00:00
CLM000799,POL000275,CUST001378,1060.94,CLOSED,2026-05-07,2026-05-14 00:00:00
CLM000933,POL000039,CUST002704,11160.21,APPROVED,2026-04-30,2026-05-14 00:00:00
CLM005740,POL001420,CUST002278,521.1,APPROVED,2026-04-27,2026-05-13 20:00:00
CLM005237,POL001373,CUST001615,2256.58,APPROVED,2026-05-06,2026-05-12 03:00:00
CLM001902,POL001139,CUST001476,4631.08,APPROVED,2026-05-01,2026-05-14 00:00:00
CLM005518,POL001045,CUST002253,1246.41,PENDING,2026-04-26,2026-05-12 15:00:00
CLM004932,POL000147,CUST001850,9782.85,CLOSED,2026-04-26,2026-05-14 00:00:00
CLM005242,POL001313,CUST002199,6555.2,PENDING,2026-04-30,2026-05-12 14:00:00
CLM005442,POL001684,CUST000827,9222.2,APPROVED,2026-04-25,2026-05-13 20:00:00
CLM005711,POL000028,CUST000883,6789.93,CLOSED,2026-04-29,2026-05-12 22:00:00
CLM002433,POL001395,CUST001268,4331.34,APPROVED,2026-04-24,2026-05-14 00:00:00
CLM001700,POL000008,CUST002274,2589.83,CLOSED,2026-05-10,2026-05-14 00:00:00
CLM005670,POL001909,CUST001280,7760.25,PENDING,2026-05-02,2026-05-13 01:00:00
CLM000758,POL001091,CUST000857,912.86,APPROVED,2026-04-24,2026-05-14 00:00:00
CLM005347,POL000991,CUST000876,2730.53,APPROVED,2026-04-29,2026-05-11 15:00:00
CLM003943,POL000884,CUST002687,1583.58,APPROVED,2026-05-04,2026-05-14 00:00:00
CLM001570,POL000305,CUST000636,3056.53,APPROVED,2026-04-25,2026-05-14 00:00:00
CLM005077,POL000556,CUST000309,14368.58,APPROVED,2026-04-25,2026-05-12 22:00:00
CLM004597,POL001982,CUST001783,8125.15,CLOSED,2026-05-06,2026-05-14 00:00:00
CLM002100,POL001171,CUST001961,9826.52,APPROVED,2026-04-27,2026-05-14 00:00:00
CLM005790,POL000272,CUST001668,1595.57,CLOSED,2026-05-12,2026-05-12 01:00:00
CLM005439,POL000395,CUST000427,1852.13,PENDING,2026-04-28,2026-05-11 18:00:00
CLM003062,POL001045,CUST000669,608.98,APPROVED,2026-05-07,2026-05-14 00:00:00
CLM000146,POL001187,CUST000314,4039.3,CLOSED,2026-04-25,2026-05-14 00:00:00
CLM005700,POL000357,CUST002040,8324.69,CLOSED,2026-05-13,2026-05-13 06:00:00
CLM005001,POL000698,CUST000766,2576.28,APPROVED,2026-05-09,2026-05-12 01:00:00
CLM005112,POL000332,CUST001752,2265.09,CLOSED,2026-05-08,2026-05-12 00:00:00
CLM004037,POL000073,CUST000937,1033.02,APPROVED,2026-05-01,2026-05-14 00:00:00
CLM005184,POL001927,CUST001404,7598.1,APPROVED,2026-05-02,2026-05-13 01:00:00
CLM005710,POL001248,CUST000601,4811.83,APPROVED,2026-05-09,2026-05-12 13:00:00
CLM005122,POL001484,CUST001772,6861.5,APPROVED,2026-04-30,2026-05-13 19:00:00
CLM000096,POL001217,CUST000912,4334.83,CLOSED,2026-04-24,2026-05-14 00:00:00
CLM002600,POL000412,CUST000990,3606.86,CLOSED,2026-05-07,2026-05-14 00:00:00
CLM005430,POL000611,CUST001887,2699.22,PENDING,2026-04-27,2026-05-12 16:00:00
CLM001689,POL001825,CUST001979,7400.08,APPROVED,2026-04-23,2026-05-14 00:00:00
CLM005464,POL001489,CUST002965,9607.02,APPROVED,2026-05-03,2026-05-13 07:00:00
CLM005672,POL001840,CUST001430,4252.05,PENDING,2026-05-05,2026-05-13 18:00:00
CLM005425,POL000532,CUST002540,3453.42,APPROVED,2026-05-11,2026-05-12 20:00:00
CLM002548,POL000670,CUST000976,4271.12,APPROVED,2026-05-08,2026-05-14 00:00:00
CLM004839,POL000388,CUST002505,8232.53,CLOSED,2026-04-22,2026-05-14 00:00:00
CLM003692,POL000744,CUST002165,4953.97,CLOSED,2026-04-27,2026-05-14 00:00:00
CLM005270,POL000055,CUST001841,6268.83,PENDING,2026-04-27,2026-05-12 01:00:00
CLM005454,POL000701,CUST001712,6394.0,APPROVED,2026-04-30,2026-05-11 04:00:00
CLM005539,POL000815,CUST001944,1470.62,APPROVED,2026-05-07,2026-05-13 11:00:00
CLM004715,POL000357,CUST002549,7413.91,CLOSED,2026-05-03,2026-05-14 00:00:00
CLM005324,POL000612,CUST001603,9176.56,APPROVED,2026-05-09,2026-05-12 11:00:00
CLM000617,POL001372,CUST000375,4338.55,APPROVED,2026-04-24,2026-05-14 00:00:00
CLM005776,POL001261,CUST001472,1327.87,REJECTED,2026-04-28,2026-05-12 20:00:00
CLM005357,POL001394,CUST002261,9635.47,PENDING,2026-05-11,2026-05-11 10:00:00
CLM005290,POL001231,CUST001895,6459.9,APPROVED,2026-05-14,2026-05-12 09:00:00
CLM002682,POL000152,CUST002272,4346.38,APPROVED,2026-04-30,2026-05-14 00:00:00
CLM005477,POL000377,CUST001580,1484.29,REJECTED,2026-05-08,2026-05-11 03:00:00
CLM004526,POL001429,CUST002894,2277.41,APPROVED,2026-05-06,2026-05-14 00:00:00
CLM005353,POL000544,CUST001912,15375.58,CLOSED,2026-05-11,2026-05-13 08:00:00
CLM005598,POL000271,CUST001235,2982.14,APPROVED,2026-05-14,2026-05-12 16:00:00
CLM005221,POL000632,CUST000890,6385.28,APPROVED,2026-05-09,2026-05-12 09:00:00
CLM005313,POL001090,CUST000723,7129.66,PENDING,2026-05-13,2026-05-12 12:00:00
CLM003833,POL001809,CUST000003,5814.41,APPROVED,2026-05-05,2026-05-14 00:00:00
CLM005755,POL001571,CUST000156,13294.16,REJECTED,2026-05-04,2026-05-11 23:00:00
CLM001724,POL000470,CUST000086,5039.99,APPROVED,2026-04-30,2026-05-14 00:00:00
CLM005656,POL000202,CUST002143,3070.96,PENDING,2026-05-12,2026-05-12 22:00:00
CLM003661,POL001417,CUST002905,3541.44,APPROVED,2026-05-11,2026-05-14 00:00:00
CLM005254,POL001627,CUST000481,5100.26,CLOSED,2026-05-11,2026-05-12 23:00:00
CLM002273,POL000598,CUST001634,3267.21,CLOSED,2026-04-22,2026-05-14 00:00:00
CLM005323,POL000098,CUST001157,3980.97,CLOSED,2026-05-13,2026-05-12 18:00:00
CLM005005,POL001133,CUST002945,4815.05,APPROVED,2026-05-06,2026-05-11 13:00:00
CLM005457,POL001288,CUST001842,5238.14,APPROVED,2026-05-06,2026-05-13 09:00:00
CLM003053,POL000163,CUST002527,1123.69,CLOSED,2026-05-03,2026-05-14 00:00:00
CLM002632,POL001542,CUST002444,5051.27,APPROVED,2026-04-24,2026-05-14 00:00:00
CLM004515,POL001596,CUST000942,6446.45,CLOSED,2026-05-10,2026-05-14 00:00:00
CLM000743,POL000918,CUST002940,8038.89,APPROVED,2026-04-27,2026-05-14 00:00:00
CLM000589,POL001546,CUST001101,10756.73,APPROVED,2026-05-06,2026-05-14 00:00:00
CLM000832,POL000352,CUST000742,2109.2,APPROVED,2026-04-25,2026-05-14 00:00:00
CLM005747,POL000291,CUST002732,3704.69,APPROVED,2026-05-07,2026-05-13 17:00:00
CLM003007,POL000922,CUST000221,9240.3,CLOSED,2026-05-03,2026-05-14 00:00:00
CLM001441,POL000811,CUST002612,3680.36,APPROVED,2026-05-03,2026-05-14 00:00:00
CLM005151,POL001356,CUST002063,4094.15,APPROVED,2026-05-13,2026-05-11 10:00:00
CLM005556,POL000598,CUST000874,12920.26,APPROVED,2026-05-08,2026-05-13 17:00:00
CLM005129,POL001396,CUST000197,5068.14,CLOSED,2026-05-14,2026-05-12 23:00:00
CLM005423,POL001456,CUST002829,19035.58,APPROVED,2026-05-08,2026-05-13 04:00:00
CLM005440,POL000353,CUST001714,2824.85,APPROVED,2026-04-30,2026-05-13 17:00:00
CLM005144,POL001745,CUST000428,4858.36,REJECTED,2026-05-08,2026-05-13 16:00:00
CLM000668,POL001820,CUST002456,19753.5,APPROVED,2026-05-04,2026-05-14 00:00:00
CLM005788,POL001800,CUST000889,6009.54,APPROVED,2026-04-26,2026-05-13 06:00:00
CLM000432,POL001593,CUST002238,701.65,APPROVED,2026-05-07,2026-05-14 00:00:00
CLM005729,POL001331,CUST000842,10475.75,APPROVED,2026-05-04,2026-05-13 14:00:00
CLM001922,POL000501,CUST000027,10435.63,APPROVED,2026-05-03,2026-05-14 00:00:00
CLM005724,POL001068,CUST001871,4847.13,CLOSED,2026-04-28,2026-05-13 23:00:00
CLM005509,POL000090,CUST002020,9320.22,REJECTED,2026-05-02,2026-05-13 15:00:00
CLM005349,POL001620,CUST001141,3698.04,CLOSED,2026-05-04,2026-05-13 08:00:00
CLM005475,POL000621,CUST002454,3201.25,REJECTED,2026-05-02,2026-05-13 04:00:00
CLM002342,POL000922,CUST002570,6583.58,CLOSED,2026-05-04,2026-05-14 00:00:00
CLM003506,POL000989,CUST001126,9520.23,APPROVED,2026-04-27,2026-05-14 00:00:00
CLM002319,POL000560,CUST001596,1203.35,CLOSED,2026-05-01,2026-05-14 00:00:00
CLM005563,POL000632,CUST000171,7814.11,PENDING,2026-05-07,2026-05-11 21:00:00
CLM002671,POL000212,CUST001428,6893.77,APPROVED,2026-04-29,2026-05-14 00:00:00
CLM005634,POL001156,CUST001363,6392.41,APPROVED,2026-04-27,2026-05-12 07:00:00
CLM002890,POL000079,CUST002342,5667.63,APPROVED,2026-05-05,2026-05-14 00:00:00
CLM005326,POL001792,CUST001664,4712.73,APPROVED,2026-05-02,2026-05-12 09:00:00
CLM003796,POL001440,CUST002272,1790.61,APPROVED,2026-05-10,2026-05-14 00:00:00
CLM003225,POL000786,CUST002350,10622.62,APPROVED,2026-04-27,2026-05-14 00:00:00
CLM002334,POL000388,CUST000579,2353.46,APPROVED,2026-04-23,2026-05-14 00:00:00
CLM005728,POL000562,CUST002036,1902.53,CLOSED,2026-05-12,2026-05-12 16:00:00
CLM003245,POL001647,CUST001948,3649.89,CLOSED,2026-04-26,2026-05-14 00:00:00
CLM005147,POL001245,CUST000969,3437.22,REJECTED,2026-05-13,2026-05-13 06:00:00
CLM005471,POL000568,CUST000409,5530.5,APPROVED,2026-05-01,2026-05-11 02:00:00
CLM005796,POL001952,CUST002996,2201.32,APPROVED,2026-05-07,2026-05-11 06:00:00
CLM005496,POL000309,CUST001387,8735.45,APPROVED,2026-05-09,2026-05-13 01:00:00
CLM005659,POL000970,CUST002455,16614.57,PENDING,2026-05-14,2026-05-13 20:00:00
CLM000211,POL001849,CUST000535,1811.55,CLOSED,2026-05-09,2026-05-14 00:00:00
CLM000084,POL001404,CUST001876,2343.95,APPROVED,2026-05-01,2026-05-14 00:00:00
CLM001407,POL001222,CUST001740,3564.61,APPROVED,2026-05-01,2026-05-14 00:00:00
CLM005408,POL000688,CUST000427,37.2,APPROVED,2026-05-07,2026-05-12 18:00:00
CLM005620,POL001955,CUST001417,10809.65,APPROVED,2026-05-14,2026-05-12 08:00:00
CLM000570,POL000405,CUST000356,7983.24,CLOSED,2026-05-06,2026-05-14 00:00:00
CLM004338,POL000546,CUST000793,8052.73,APPROVED,2026-05-10,2026-05-14 00:00:00
CLM005341,POL000963,CUST001818,5119.57,APPROVED,2026-05-09,2026-05-11 05:00:00
CLM001424,POL001892,CUST000485,11280.14,APPROVED,2026-05-01,2026-05-14 00:00:00
CLM005197,POL001770,CUST001345,17493.64,APPROVED,2026-04-27,2026-05-12 11:00:00
CLM005109,POL000310,CUST000082,3814.78,APPROVED,2026-05-02,2026-05-12 08:00:00
CLM002523,POL000460,CUST002550,3846.61,APPROVED,2026-05-03,2026-05-14 00:00:00
CLM005085,POL001507,CUST002157,1489.5,PENDING,2026-05-13,2026-05-13 15:00:00
CLM005123,POL000898,CUST000729,1010.51,APPROVED,2026-05-08,2026-05-12 11:00:00
CLM005614,POL001790,CUST001167,798.64,APPROVED,2026-05-09,2026-05-12 09:00:00
CLM005022,POL001233,CUST002601,9872.05,PENDING,2026-04-29,2026-05-12 23:00:00
CLM000626,POL000286,CUST000632,5525.68,CLOSED,2026-04-25,2026-05-14 00:00:00
CLM004106,POL000139,CUST002207,5020.86,APPROVED,2026-04-22,2026-05-14 00:00:00
CLM005784,POL000762,CUST000843,2731.53,PENDING,2026-04-25,2026-05-12 10:00:00
CLM003063,POL000112,CUST000615,2139.65,APPROVED,2026-04-24,2026-05-14 00:00:00
CLM003975,POL001617,CUST000450,2250.48,APPROVED,2026-05-01,2026-05-14 00:00:00
CLM002781,POL001254,CUST002993,2320.01,APPROVED,2026-04-22,2026-05-14 00:00:00
CLM005094,POL001191,CUST000986,4472.07,APPROVED,2026-04-27,2026-05-12 14:00:00
CLM005180,POL000008,CUST001116,6435.64,REJECTED,2026-05-04,2026-05-13 08:00:00
CLM005103,POL000981,CUST002703,3862.41,CLOSED,2026-05-03,2026-05-13 11:00:00
CLM001142,POL001769,CUST002782,3452.02,CLOSED,2026-04-22,2026-05-14 00:00:00
CLM005395,POL001364,CUST000172,6440.08,CLOSED,2026-05-11,2026-05-12 23:00:00
CLM001874,POL001832,CUST002781,4284.65,APPROVED,2026-05-08,2026-05-14 00:00:00
CLM001451,POL001571,CUST000158,9838.38,APPROVED,2026-04-25,2026-05-14 00:00:00
CLM005610,POL001376,CUST002844,1482.04,CLOSED,2026-04-28,2026-05-11 01:00:00
CLM000428,POL001076,CUST001375,7191.41,CLOSED,2026-04-28,2026-05-14 00:00:00
CLM005053,POL001602,CUST002296,1163.82,CLOSED,2026-04-26,2026-05-11 05:00:00
CLM004147,POL001680,CUST001932,2101.89,APPROVED,2026-05-05,2026-05-14 00:00:00
CLM005508,POL001364,CUST000197,10106.07,APPROVED,2026-05-05,2026-05-11 13:00:00
CLM005422,POL000279,CUST002683,1296.0,PENDING,2026-04-25,2026-05-11 01:00:00
CLM005631,POL000507,CUST002420,2579.71,PENDING,2026-05-07,2026-05-13 13:00:00
CLM005261,POL000395,CUST001762,4726.36,CLOSED,2026-05-01,2026-05-12 08:00:00
CLM005171,POL001498,CUST001133,4207.04,CLOSED,2026-05-13,2026-05-11 09:00:00
CLM005342,POL001866,CUST001561,2765.71,REJECTED,2026-05-09,2026-05-13 12:00:00
CLM005182,POL000839,CUST000995,2730.3,APPROVED,2026-05-07,2026-05-11 23:00:00
CLM005343,POL001824,CUST002437,2389.93,APPROVED,2026-05-07,2026-05-13 01:00:00
CLM001807,POL001985,CUST000941,7039.35,APPROVED,2026-05-07,2026-05-14 00:00:00
CLM002917,POL000239,CUST002218,8347.69,CLOSED,2026-05-09,2026-05-14 00:00:00
CLM005345,POL001905,CUST000280,4524.66,APPROVED,2026-05-04,2026-05-13 04:00:00
CLM002407,POL000070,CUST001556,9238.72,CLOSED,2026-04-30,2026-05-14 00:00:00
CLM000682,POL001929,CUST000753,12866.93,CLOSED,2026-04-24,2026-05-14 00:00:00
CLM001217,POL000900,CUST000812,2970.28,CLOSED,2026-05-11,2026-05-14 00:00:00
CLM004267,POL001390,CUST000800,6341.47,APPROVED,2026-05-01,2026-05-14 00:00:00
CLM000747,POL000979,CUST000562,6138.17,CLOSED,2026-05-05,2026-05-14 00:00:00
CLM003130,POL000920,CUST002664,2518.8,APPROVED,2026-05-04,2026-05-14 00:00:00
CLM001558,POL000244,CUST000544,2572.51,CLOSED,2026-05-04,2026-05-14 00:00:00
CLM005479,POL000068,CUST000802,1339.93,APPROVED,2026-04-30,2026-05-13 21:00:00
CLM004045,POL001705,CUST002644,4130.19,CLOSED,2026-05-11,2026-05-14 00:00:00
CLM005020,POL001548,CUST000724,7213.81,APPROVED,2026-05-13,2026-05-12 20:00:00
CLM002755,POL000142,CUST000001,6413.41,APPROVED,2026-04-30,2026-05-14 00:00:00
CLM004706,POL001707,CUST000549,3698.57,CLOSED,2026-05-03,2026-05-14 00:00:00
CLM001850,POL001383,CUST002126,7514.91,APPROVED,2026-04-27,2026-05-14 00:00:00
CLM005209,POL000110,CUST000146,4386.0,APPROVED,2026-05-06,2026-05-13 00:00:00
CLM005524,POL000141,CUST001976,2796.85,CLOSED,2026-05-08,2026-05-12 03:00:00
CLM005090,POL001647,CUST000937,8100.53,PENDING,2026-04-29,2026-05-11 11:00:00
CLM003849,POL000639,CUST002243,2231.72,CLOSED,2026-05-08,2026-05-14 00:00:00
CLM000256,POL001605,CUST000282,4329.88,APPROVED,2026-04-28,2026-05-14 00:00:00
CLM005513,POL000535,CUST000494,4194.61,APPROVED,2026-05-02,2026-05-11 23:00:00
CLM002118,POL000079,CUST000334,9816.34,APPROVED,2026-05-02,2026-05-14 00:00:00
CLM001626,POL000544,CUST001394,3949.82,APPROVED,2026-04-28,2026-05-14 00:00:00
CLM005554,POL001573,CUST002301,6635.03,APPROVED,2026-04-28,2026-05-11 23:00:00
CLM004760,POL001514,CUST000793,13837.51,APPROVED,2026-05-05,2026-05-14 00:00:00
CLM005040,POL001704,CUST001341,4916.35,APPROVED,2026-05-05,2026-05-11 19:00:00
CLM005441,POL001891,CUST001407,6865.73,APPROVED,2026-04-29,2026-05-11 11:00:00
CLM005099,POL001459,CUST000043,4350.78,APPROVED,2026-05-11,2026-05-12 20:00:00
CLM005578,POL000450,CUST000181,1986.75,APPROVED,2026-05-08,2026-05-13 10:00:00
CLM005232,POL000037,CUST002887,4809.53,CLOSED,2026-05-05,2026-05-13 19:00:00
CLM005443,POL001084,CUST002178,5839.14,PENDING,2026-05-10,2026-05-13 13:00:00
CLM005083,POL001291,CUST000062,4367.07,PENDING,2026-05-05,2026-05-12 21:00:00
CLM005731,POL000692,CUST001090,7545.73,REJECTED,2026-04-28,2026-05-11 11:00:00
CLM003831,POL001280,CUST001406,1977.41,CLOSED,2026-04-25,2026-05-14 00:00:00
CLM005660,POL000766,CUST001868,3729.42,CLOSED,2026-04-26,2026-05-12 19:00:00
CLM005705,POL001654,CUST000035,4421.75,PENDING,2026-05-07,2026-05-11 17:00:00
CLM005639,POL000060,CUST001803,101.79,PENDING,2026-05-12,2026-05-12 11:00:00
CLM005183,POL001440,CUST001608,3950.73,PENDING,2026-05-03,2026-05-11 09:00:00
CLM005701,POL000316,CUST002517,1833.33,CLOSED,2026-05-01,2026-05-11 11:00:00
CLM005692,POL000066,CUST002618,7118.28,APPROVED,2026-05-14,2026-05-12 16:00:00
CLM005100,POL001769,CUST000833,10240.7,APPROVED,2026-05-12,2026-05-11 10:00:00
CLM001430,POL001516,CUST001647,2731.63,APPROVED,2026-04-24,2026-05-14 00:00:00
CLM005609,POL001677,CUST001718,336.03,CLOSED,2026-05-02,2026-05-11 11:00:00
CLM004897,POL001212,CUST001173,1654.53,APPROVED,2026-04-27,2026-05-14 00:00:00
CLM005200,POL001615,CUST000944,5190.06,APPROVED,2026-04-30,2026-05-13 18:00:00
CLM005468,POL001773,CUST002477,2854.93,APPROVED,2026-05-11,2026-05-13 22:00:00
CLM005062,POL000972,CUST002203,4577.29,PENDING,2026-05-05,2026-05-13 06:00:00
CLM005548,POL001881,CUST002971,4927.65,CLOSED,2026-05-02,2026-05-13 06:00:00
CLM004645,POL001746,CUST001217,4745.83,APPROVED,2026-05-10,2026-05-14 00:00:00
CLM003385,POL001229,CUST000915,11217.89,CLOSED,2026-05-09,2026-05-14 00:00:00
CLM001273,POL000050,CUST001895,2539.05,CLOSED,2026-05-10,2026-05-14 00:00:00
CLM001138,POL000135,CUST000481,11184.57,APPROVED,2026-04-27,2026-05-14 00:00:00
CLM001047,POL001932,CUST000859,933.68,APPROVED,2026-05-04,2026-05-14 00:00:00
CLM004275,POL000022,CUST001282,20933.39,APPROVED,2026-05-07,2026-05-14 00:00:00
CLM004301,POL001116,CUST002960,17648.0,APPROVED,2026-05-09,2026-05-14 00:00:00
CLM002339,POL000673,CUST001010,6842.27,APPROVED,2026-04-28,2026-05-14 00:00:00
CLM005536,POL001760,CUST002360,832.68,APPROVED,2026-05-04,2026-05-13 01:00:00
CLM005008,POL001954,CUST001460,3538.27,REJECTED,2026-05-11,2026-05-11 05:00:00
CLM003195,POL001446,CUST001645,12057.07,CLOSED,2026-04-26,2026-05-14 00:00:00
CLM005259,POL000204,CUST002596,3821.7,REJECTED,2026-05-13,2026-05-13 02:00:00
CLM005136,POL001091,CUST000551,3110.34,APPROVED,2026-04-27,2026-05-13 21:00:00
CLM005369,POL001166,CUST001945,4310.45,CLOSED,2026-05-10,2026-05-13 10:00:00
CLM003440,POL000546,CUST000181,4684.32,APPROVED,2026-04-22,2026-05-14 00:00:00
CLM004307,POL001832,CUST001953,7029.23,APPROVED,2026-05-11,2026-05-14 00:00:00
CLM005637,POL001584,CUST002999,10315.42,PENDING,2026-05-10,2026-05-13 02:00:00
CLM002467,POL001536,CUST000751,7299.59,CLOSED,2026-04-29,2026-05-14 00:00:00
CLM005249,POL001412,CUST001313,5460.08,CLOSED,2026-04-29,2026-05-13 01:00:00
CLM004866,POL001308,CUST002334,3809.26,APPROVED,2026-04-23,2026-05-14 00:00:00
CLM004703,POL000907,CUST001402,7209.71,APPROVED,2026-05-08,2026-05-14 00:00:00
CLM000460,POL001688,CUST001876,13161.31,APPROVED,2026-05-03,2026-05-14 00:00:00
CLM005024,POL000480,CUST002127,9037.28,PENDING,2026-05-01,2026-05-13 04:00:00
CLM001991,POL000981,CUST002111,7493.76,CLOSED,2026-05-08,2026-05-14 00:00:00
CLM001460,POL001143,CUST001498,4277.92,APPROVED,2026-04-22,2026-05-14 00:00:00
CLM005310,POL000482,CUST000559,6107.93,APPROVED,2026-05-03,2026-05-11 06:00:00
CLM002499,POL001564,CUST001792,12131.76,APPROVED,2026-05-10,2026-05-14 00:00:00
CLM005491,POL001961,CUST002808,12067.91,CLOSED,2026-05-13,2026-05-12 20:00:00
CLM002080,POL001662,CUST001609,17166.91,APPROVED,2026-05-01,2026-05-14 00:00:00
CLM005211,POL001497,CUST002940,2898.86,APPROVED,2026-05-01,2026-05-13 17:00:00
CLM002689,POL000267,CUST000561,12269.59,APPROVED,2026-04-30,2026-05-14 00:00:00
CLM000189,POL000390,CUST002351,10437.84,CLOSED,2026-04-30,2026-05-14 00:00:00
CLM005076,POL000430,CUST001836,2935.01,APPROVED,2026-05-10,2026-05-12 08:00:00
CLM004479,POL000913,CUST002096,1695.87,APPROVED,2026-04-24,2026-05-14 00:00:00
CLM003668,POL000225,CUST002022,3273.59,APPROVED,2026-04-25,2026-05-14 00:00:00
CLM003622,POL000588,CUST002309,15307.79,APPROVED,2026-05-07,2026-05-14 00:00:00
CLM003984,POL000629,CUST001931,2527.87,APPROVED,2026-05-04,2026-05-14 00:00:00
CLM005199,POL001867,CUST001268,3082.76,APPROVED,2026-05-10,2026-05-12 12:00:00
CLM005741,POL000543,CUST001689,262.03,APPROVED,2026-05-13,2026-05-12 05:00:00
CLM004923,POL001216,CUST002153,7852.58,CLOSED,2026-04-26,2026-05-14 00:00:00
CLM005493,POL001264,CUST001713,6657.15,PENDING,2026-05-10,2026-05-13 20:00:00
CLM005570,POL001876,CUST001956,771.63,PENDING,2026-04-27,2026-05-12 23:00:00
CLM005031,POL001646,CUST000698,4311.97,PENDING,2026-04-28,2026-05-13 07:00:00
CLM005781,POL000235,CUST002814,3744.71,APPROVED,2026-04-30,2026-05-13 13:00:00
CLM001917,POL001561,CUST002769,5949.66,APPROVED,2026-04-22,2026-05-14 00:00:00
CLM005666,POL000438,CUST002765,6520.72,CLOSED,2026-05-02,2026-05-13 00:00:00
CLM004393,POL000539,CUST000475,2916.54,APPROVED,2026-05-05,2026-05-14 00:00:00
CLM000789,POL001063,CUST001454,4570.19,APPROVED,2026-05-09,2026-05-14 00:00:00
CLM004048,POL001899,CUST001900,1797.81,CLOSED,2026-04-28,2026-05-14 00:00:00
CLM005308,POL000365,CUST001707,5613.43,CLOSED,2026-05-14,2026-05-12 08:00:00
CLM005346,POL000974,CUST002638,603.42,CLOSED,2026-05-02,2026-05-11 12:00:00
CLM003126,POL001296,CUST001895,7420.45,CLOSED,2026-04-29,2026-05-14 00:00:00
CLM005291,POL001845,CUST000930,3004.44,APPROVED,2026-05-07,2026-05-12 10:00:00
CLM005695,POL001845,CUST002879,5112.03,APPROVED,2026-05-07,2026-05-13 20:00:00
CLM005271,POL001550,CUST002119,1732.8,APPROVED,2026-05-12,2026-05-12 16:00:00
CLM001324,POL001744,CUST001119,4129.3,APPROVED,2026-05-11,2026-05-14 00:00:00
CLM005472,POL001655,CUST001162,3873.4,CLOSED,2026-05-01,2026-05-11 04:00:00
CLM001137,POL001278,CUST000606,1562.73,CLOSED,2026-04-28,2026-05-14 00:00:00
CLM000276,POL000632,CUST000534,12009.48,APPROVED,2026-05-04,2026-05-14 00:00:00
CLM004208,POL000160,CUST001608,9177.86,APPROVED,2026-05-07,2026-05-14 00:00:00
CLM005162,POL001840,CUST001946,8145.43,APPROVED,2026-05-01,2026-05-12 11:00:00
CLM003539,POL000189,CUST002842,6294.61,CLOSED,2026-05-01,2026-05-14 00:00:00
CLM005799,POL001582,CUST000329,3936.87,APPROVED,2026-04-25,2026-05-11 18:00:00
CLM005649,POL000124,CUST000376,2897.94,REJECTED,2026-05-07,2026-05-13 13:00:00
CLM005206,POL001105,CUST001924,12790.27,APPROVED,2026-05-12,2026-05-13 10:00:00
CLM001126,POL001498,CUST001659,9952.91,APPROVED,2026-04-25,2026-05-14 00:00:00
CLM005320,POL000111,CUST002202,11009.91,APPROVED,2026-04-25,2026-05-11 07:00:00
CLM002843,POL000767,CUST002322,2466.85,APPROVED,2026-05-08,2026-05-14 00:00:00
CLM000771,POL000958,CUST001515,1116.95,APPROVED,2026-04-26,2026-05-14 00:00:00
CLM005381,POL000191,CUST000102,974.34,APPROVED,2026-05-13,2026-05-13 06:00:00
CLM005142,POL001464,CUST000633,3534.78,APPROVED,2026-05-08,2026-05-13 02:00:00
CLM005023,POL001788,CUST001402,3586.77,PENDING,2026-04-27,2026-05-13 04:00:00
CLM005500,POL000917,CUST002415,6773.95,APPROVED,2026-04-27,2026-05-13 16:00:00
CLM004857,POL000047,CUST002300,5319.22,APPROVED,2026-05-05,2026-05-14 00:00:00
CLM005375,POL001059,CUST001492,7633.69,PENDING,2026-05-02,2026-05-12 11:00:00
CLM005289,POL000407,CUST000276,4076.13,APPROVED,2026-04-29,2026-05-11 09:00:00
CLM001087,POL001568,CUST002939,1310.57,CLOSED,2026-05-08,2026-05-14 00:00:00
CLM005486,POL000143,CUST000528,6418.64,PENDING,2026-05-02,2026-05-12 12:00:00
CLM005234,POL001642,CUST001434,504.76,PENDING,2026-05-03,2026-05-13 12:00:00
CLM001782,POL000473,CUST002738,5254.7,CLOSED,2026-04-30,2026-05-14 00:00:00
CLM003228,POL000999,CUST002746,1187.2,APPROVED,2026-05-10,2026-05-14 00:00:00
CLM005205,POL000293,CUST000701,1757.99,CLOSED,2026-04-30,2026-05-12 15:00:00
CLM005096,POL001526,CUST000708,3988.57,APPROVED,2026-05-13,2026-05-13 01:00:00
CLM005082,POL000941,CUST000731,8802.96,APPROVED,2026-05-03,2026-05-11 02:00:00
CLM004286,POL001698,CUST001192,864.81,APPROVED,2026-04-23,2026-05-14 00:00:00
CLM002415,POL000601,CUST000828,8741.89,APPROVED,2026-04-30,2026-05-14 00:00:00
CLM005709,POL000209,CUST001902,725.88,APPROVED,2026-05-11,2026-05-12 15:00:00
CLM001980,POL001394,CUST001238,3964.02,APPROVED,2026-05-05,2026-05-14 00:00:00
CLM005400,POL000374,CUST002710,1244.51,APPROVED,2026-04-29,2026-05-13 01:00:00
CLM003033,POL001512,CUST000914,5641.58,CLOSED,2026-04-30,2026-05-14 00:00:00
CLM002243,POL000684,CUST000125,3298.62,CLOSED,2026-04-25,2026-05-14 00:00:00
CLM005767,POL000738,CUST000083,5672.24,APPROVED,2026-05-07,2026-05-13 15:00:00
CLM004598,POL001821,CUST002110,2513.21,APPROVED,2026-05-06,2026-05-14 00:00:00
CLM002422,POL001635,CUST000984,1874.57,APPROVED,2026-05-03,2026-05-14 00:00:00
CLM001772,POL000462,CUST001885,5314.03,APPROVED,2026-04-23,2026-05-14 00:00:00
CLM002191,POL001891,CUST000178,7864.6,CLOSED,2026-04-25,2026-05-14 00:00:00
CLM003700,POL001387,CUST000106,3844.78,APPROVED,2026-05-08,2026-05-14 00:00:00
CLM005648,POL000961,CUST002885,3636.25,PENDING,2026-05-04,2026-05-11 16:00:00
CLM005777,POL000756,CUST000647,2876.66,APPROVED,2026-05-04,2026-05-13 05:00:00
CLM003736,POL000019,CUST002282,1414.44,APPROVED,2026-04-25,2026-05-14 00:00:00
CLM005181,POL000611,CUST000341,686.47,APPROVED,2026-05-11,2026-05-13 22:00:00
CLM005258,POL001175,CUST001977,5710.29,CLOSED,2026-05-14,2026-05-12 06:00:00
CLM003160,POL000788,CUST001808,8982.33,CLOSED,2026-05-11,2026-05-14 00:00:00
CLM005405,POL001822,CUST002404,10879.96,PENDING,2026-04-29,2026-05-12 09:00:00
CLM003369,POL000357,CUST000045,6164.45,CLOSED,2026-05-06,2026-05-14 00:00:00
CLM005296,POL000181,CUST001321,8696.27,PENDING,2026-05-14,2026-05-13 13:00:00
CLM005532,POL000717,CUST002056,2326.7,CLOSED,2026-05-14,2026-05-13 23:00:00
CLM003316,POL001248,CUST000664,4190.94,CLOSED,2026-04-24,2026-05-14 00:00:00
CLM005213,POL001150,CUST002379,3159.34,PENDING,2026-04-29,2026-05-11 10:00:00
CLM005174,POL001084,CUST000990,3713.26,APPROVED,2026-05-03,2026-05-13 22:00:00
CLM005463,POL001045,CUST000107,8489.84,PENDING,2026-05-14,2026-05-11 12:00:00
CLM005473,POL001054,CUST002384,1334.79,APPROVED,2026-05-13,2026-05-13 04:00:00
CLM005730,POL001197,CUST002524,5344.05,APPROVED,2026-05-10,2026-05-13 07:00:00
CLM005140,POL001232,CUST002360,1164.98,PENDING,2026-04-27,2026-05-12 22:00:00
CLM005478,POL000325,CUST001698,14051.6,CLOSED,2026-04-29,2026-05-12 12:00:00
CLM004622,POL000600,CUST001147,4458.42,APPROVED,2026-05-11,2026-05-14 00:00:00
CLM001105,POL000185,CUST001923,17884.33,APPROVED,2026-04-22,2026-05-14 00:00:00
CLM000922,POL001046,CUST000659,14235.93,CLOSED,2026-05-06,2026-05-14 00:00:00
CLM003770,POL001483,CUST002450,7616.03,APPROVED,2026-04-30,2026-05-14 00:00:00
CLM005301,POL001493,CUST000324,1454.77,APPROVED,2026-05-10,2026-05-12 15:00:00
CLM001539,POL000181,CUST002259,5910.73,APPROVED,2026-05-09,2026-05-14 00:00:00
CLM005551,POL000378,CUST001790,2637.0,APPROVED,2026-05-01,2026-05-12 10:00:00
CLM002017,POL001719,CUST001980,5627.62,APPROVED,2026-05-08,2026-05-14 00:00:00
CLM000980,POL000624,CUST000508,2313.86,APPROVED,2026-04-22,2026-05-14 00:00:00
CLM005198,POL000426,CUST001551,2288.36,CLOSED,2026-05-12,2026-05-11 01:00:00
CLM000700,POL000663,CUST000003,4693.97,CLOSED,2026-05-07,2026-05-14 00:00:00
CLM005303,POL000467,CUST002940,10965.64,CLOSED,2026-05-02,2026-05-13 20:00:00
CLM005350,POL000378,CUST002554,9379.86,PENDING,2026-05-07,2026-05-11 13:00:00
CLM004401,POL001158,CUST002238,7412.23,APPROVED,2026-05-07,2026-05-14 00:00:00
CLM005262,POL001268,CUST002820,13827.02,CLOSED,2026-05-03,2026-05-13 20:00:00
CLM004981,POL000018,CUST002754,3010.6,APPROVED,2026-04-30,2026-05-14 00:00:00
CLM005543,POL001512,CUST000612,1459.34,PENDING,2026-05-14,2026-05-13 16:00:00
CLM005315,POL000782,CUST000896,8894.75,PENDING,2026-04-27,2026-05-11 10:00:00
CLM005512,POL000693,CUST002968,2346.44,PENDING,2026-05-03,2026-05-11 22:00:00
CLM005164,POL001012,CUST000636,844.93,APPROVED,2026-04-27,2026-05-13 18:00:00
CLM004989,POL001527,CUST002651,9014.42,CLOSED,2026-04-22,2026-05-14 00:00:00
CLM005388,POL000123,CUST001993,5416.4,PENDING,2026-04-26,2026-05-13 17:00:00
CLM005569,POL001784,CUST002048,5082.81,CLOSED,2026-05-04,2026-05-13 08:00:00
CLM005231,POL001565,CUST001868,2594.18,APPROVED,2026-05-12,2026-05-11 09:00:00
CLM005629,POL001701,CUST001376,1226.23,PENDING,2026-05-14,2026-05-13 00:00:00
CLM005012,POL000935,CUST000578,6667.92,APPROVED,2026-05-12,2026-05-11 19:00:00
CLM005561,POL001121,CUST002729,3830.57,APPROVED,2026-05-14,2026-05-11 02:00:00
CLM001992,POL000154,CUST001675,8740.47,CLOSED,2026-04-24,2026-05-14 00:00:00
CLM005236,POL001832,CUST002960,4427.1,APPROVED,2026-05-12,2026-05-13 12:00:00
CLM005017,POL001243,CUST001895,5535.6,PENDING,2026-05-12,2026-05-13 02:00:00
CLM004318,POL001283,CUST002104,7466.99,CLOSED,2026-05-01,2026-05-14 00:00:00
CLM005676,POL001770,CUST001435,1229.71,PENDING,2026-05-09,2026-05-13 17:00:00
CLM005351,POL000376,CUST000199,7327.27,APPROVED,2026-04-30,2026-05-11 13:00:00
CLM002828,POL000378,CUST002588,4840.31,CLOSED,2026-04-30,2026-05-14 00:00:00
CLM005632,POL000272,CUST000253,2794.59,CLOSED,2026-05-07,2026-05-13 23:00:00
CLM001436,POL000893,CUST001494,707.74,CLOSED,2026-05-03,2026-05-14 00:00:00
CLM005438,POL000195,CUST002792,2988.68,CLOSED,2026-05-07,2026-05-14 00:00:00
CLM000935,POL001501,CUST001552,4816.39,CLOSED,2026-05-11,2026-05-14 00:00:00
CLM004435,POL001747,CUST001856,4486.72,APPROVED,2026-04-27,2026-05-14 00:00:00
CLM003284,POL000019,CUST001171,7396.48,APPROVED,2026-05-09,2026-05-14 00:00:00
CLM005285,POL001434,CUST002912,3479.7,PENDING,2026-04-30,2026-05-13 09:00:00
CLM004425,POL000059,CUST002727,269.37,CLOSED,2026-05-10,2026-05-14 00:00:00
CLM001875,POL000715,CUST001494,2352.9,APPROVED,2026-04-23,2026-05-14 00:00:00
CLM001758,POL000537,CUST002233,8071.88,APPROVED,2026-04-28,2026-05-14 00:00:00
CLM005652,POL001335,CUST000702,3867.41,APPROVED,2026-05-04,2026-05-11 06:00:00
CLM005642,POL000458,CUST002306,857.35,PENDING,2026-04-26,2026-05-12 15:00:00
CLM001538,POL001051,CUST002214,2087.99,CLOSED,2026-05-09,2026-05-14 00:00:00
CLM003391,POL001552,CUST002381,10008.19,CLOSED,2026-04-23,2026-05-14 00:00:00
CLM005446,POL001135,CUST001074,2080.74,APPROVED,2026-05-05,2026-05-12 18:00:00
CLM005006,POL001213,CUST000447,7788.59,CLOSED,2026-05-07,2026-05-13 00:00:00
CLM005295,POL001598,CUST000361,8843.68,APPROVED,2026-04-26,2026-05-11 22:00:00
CLM005294,POL000664,CUST001652,10454.26,PENDING,2026-04-26,2026-05-11 11:00:00
CLM005758,POL001119,CUST000947,4206.95,APPROVED,2026-05-07,2026-05-13 13:00:00
CLM003528,POL000445,CUST002518,1010.2,APPROVED,2026-05-04,2026-05-14 00:00:00
CLM005141,POL001411,CUST000453,8261.08,CLOSED,2026-04-30,2026-05-13 14:00:00
CLM005042,POL000120,CUST002426,14459.56,REJECTED,2026-04-28,2026-05-11 15:00:00
CLM000329,POL001698,CUST000287,10123.41,APPROVED,2026-04-26,2026-05-14 00:00:00
CLM003088,POL001888,CUST002164,1898.62,APPROVED,2026-05-08,2026-05-14 00:00:00
CLM005418,POL001547,CUST001038,1756.26,PENDING,2026-05-14,2026-05-11 03:00:00
CLM005748,POL001248,CUST000095,7141.55,APPROVED,2026-04-26,2026-05-13 15:00:00
CLM000597,POL000863,CUST000921,5510.57,APPROVED,2026-04-28,2026-05-14 00:00:00
CLM005007,POL001797,CUST000107,2932.24,APPROVED,2026-05-14,2026-05-13 22:00:00
CLM000961,POL001878,CUST000957,10577.36,APPROVED,2026-04-26,2026-05-14 00:00:00
CLM005452,POL001913,CUST000242,4075.75,CLOSED,2026-05-03,2026-05-12 19:00:00
CLM005394,POL001654,CUST001985,1052.23,APPROVED,2026-04-27,2026-05-11 21:00:00
CLM003788,POL001296,CUST001007,2294.48,CLOSED,2026-04-26,2026-05-14 00:00:00
CLM005494,POL001481,CUST001911,9437.12,CLOSED,2026-05-03,2026-05-11 14:00:00
CLM001164,POL000706,CUST000927,12697.6,CLOSED,2026-04-24,2026-05-14 00:00:00
CLM002511,POL001318,CUST002094,8523.27,APPROVED,2026-04-27,2026-05-14 00:00:00
CLM005622,POL001391,CUST000278,3210.51,PENDING,2026-05-11,2026-05-12 19:00:00
CLM003779,POL000921,CUST000297,3593.05,APPROVED,2026-05-10,2026-05-14 00:00:00
CLM002887,POL000278,CUST000705,18648.45,APPROVED,2026-05-03,2026-05-14 00:00:00
CLM002962,POL001885,CUST001074,2270.1,APPROVED,2026-04-25,2026-05-14 00:00:00
CLM005364,POL000214,CUST002754,4261.14,APPROVED,2026-05-07,2026-05-12 16:00:00
CLM005800,POL000593,CUST000187,3162.72,CLOSED,2026-04-29,2026-05-13 18:00:00
CLM005424,POL001959,CUST002763,2030.37,APPROVED,2026-05-05,2026-05-13 12:00:00
CLM002121,POL000998,CUST000208,1649.22,APPROVED,2026-05-10,2026-05-14 00:00:00
CLM005545,POL001338,CUST000973,5975.55,APPROVED,2026-04-26,2026-05-13 21:00:00
CLM002617,POL001697,CUST001318,6894.58,APPROVED,2026-04-25,2026-05-14 00:00:00
CLM004975,POL001711,CUST002209,3996.15,APPROVED,2026-05-07,2026-05-14 00:00:00
CLM002055,POL001915,CUST000915,9880.78,APPROVED,2026-04-24,2026-05-14 00:00:00
CLM003330,POL001110,CUST000315,4843.84,CLOSED,2026-04-30,2026-05-14 00:00:00
CLM005314,POL000958,CUST001102,3788.53,APPROVED,2026-04-29,2026-05-12 01:00:00
CLM005250,POL000883,CUST002993,4144.6,CLOSED,2026-05-14,2026-05-13 11:00:00
CLM001562,POL000298,CUST001297,12070.88,CLOSED,2026-04-25,2026-05-14 00:00:00
CLM005108,POL001442,CUST002132,3637.85,CLOSED,2026-05-08,2026-05-12 19:00:00
CLM001329,POL000680,CUST000955,6421.15,APPROVED,2026-04-25,2026-05-14 00:00:00
CLM005547,POL000363,CUST001658,3486.92,APPROVED,2026-05-10,2026-05-13 01:00:00
CLM005466,POL000865,CUST002342,4510.52,CLOSED,2026-05-02,2026-05-12 03:00:00
CLM003815,POL001854,CUST000764,620.99,CLOSED,2026-04-26,2026-05-14 00:00:00
CLM005003,POL001536,CUST001124,13450.46,PENDING,2026-05-11,2026-05-13 02:00:00
CLM004858,POL001399,CUST001226,10801.52,APPROVED,2026-05-09,2026-05-14 00:00:00
CLM003198,POL000989,CUST002736,5993.28,CLOSED,2026-05-10,2026-05-14 00:00:00
CLM005368,POL000094,CUST002414,750.13,APPROVED,2026-05-09,2026-05-11 16:00:00
CLM000052,POL001217,CUST000945,6323.76,CLOSED,2026-04-28,2026-05-14 00:00:00
CLM005764,POL000417,CUST001622,1468.16,PENDING,2026-05-07,2026-05-13 04:00:00
CLM005456,POL000603,CUST000369,3577.9,APPROVED,2026-04-30,2026-05-13 18:00:00
CLM005252,POL000329,CUST002870,6897.0,CLOSED,2026-05-12,2026-05-11 04:00:00
CLM002462,POL000275,CUST000737,10658.26,APPROVED,2026-04-26,2026-05-14 00:00:00
CLM005573,POL001466,CUST000993,1816.03,PENDING,2026-05-13,2026-05-11 12:00:00
CLM002170,POL000530,CUST001503,17062.11,APPROVED,2026-05-05,2026-05-14 00:00:00
CLM005059,POL000790,CUST001430,22685.12,REJECTED,2026-05-03,2026-05-11 18:00:00
CLM004134,POL001176,CUST001165,3224.76,CLOSED,2026-05-03,2026-05-14 00:00:00
CLM005187,POL001003,CUST000941,3254.48,PENDING,2026-04-25,2026-05-11 16:00:00
CLM005498,POL000959,CUST001312,6183.48,PENDING,2026-04-27,2026-05-13 18:00:00
CLM003988,POL000216,CUST000594,5612.16,CLOSED,2026-04-24,2026-05-14 00:00:00
CLM004495,POL000681,CUST002402,4302.08,APPROVED,2026-05-04,2026-05-14 00:00:00
CLM003990,POL000335,CUST000102,3284.94,CLOSED,2026-05-07,2026-05-14 00:00:00
CLM005292,POL000279,CUST001160,6242.8,REJECTED,2026-05-14,2026-05-12 19:00:00
CLM005010,POL000225,CUST001260,11594.66,APPROVED,2026-05-13,2026-05-13 05:00:00
CLM005732,POL001037,CUST002962,2062.47,APPROVED,2026-05-03,2026-05-11 05:00:00
CLM005467,POL000405,CUST001246,8216.03,APPROVED,2026-04-27,2026-05-11 11:00:00
CLM004139,POL001592,CUST000498,8534.26,CLOSED,2026-04-26,2026-05-14 00:00:00
CLM000246,POL000762,CUST001204,1624.77,APPROVED,2026-05-06,2026-05-14 00:00:00
CLM000808,POL000802,CUST000792,5171.27,CLOSED,2026-04-24,2026-05-14 00:00:00
CLM005192,POL001095,CUST000581,2571.34,APPROVED,2026-05-09,2026-05-11 04:00:00
CLM005272,POL000397,CUST001774,714.06,PENDING,2026-05-14,2026-05-12 11:00:00
CLM000420,POL001938,CUST000497,5447.26,APPROVED,2026-05-06,2026-05-14 00:00:00
CLM005476,POL000796,CUST000802,4124.7,APPROVED,2026-05-06,2026-05-11 15:00:00
CLM003200,POL001766,CUST001140,1670.17,APPROVED,2026-05-05,2026-05-14 00:00:00
CLM005435,POL000788,CUST001787,3444.64,APPROVED,2026-05-09,2026-05-11 03:00:00
CLM001392,POL000759,CUST001804,5597.99,APPROVED,2026-05-01,2026-05-14 00:00:00
CLM004311,POL001274,CUST001031,1547.26,CLOSED,2026-04-27,2026-05-14 00:00:00
CLM005651,POL001614,CUST001341,1887.96,APPROVED,2026-05-01,2026-05-13 11:00:00
CLM005680,POL001308,CUST001466,9413.7,REJECTED,2026-05-06,2026-05-11 13:00:00
CLM000423,POL000385,CUST002893,2310.48,APPROVED,2026-04-26,2026-05-14 00:00:00
CLM002756,POL000100,CUST001059,11925.2,APPROVED,2026-05-06,2026-05-14 00:00:00
CLM005552,POL001032,CUST000011,11499.45,APPROVED,2026-05-13,2026-05-13 04:00:00
CLM004361,POL000858,CUST000983,12826.65,APPROVED,2026-05-07,2026-05-14 00:00:00
CLM005506,POL000431,CUST001616,4213.05,REJECTED,2026-05-02,2026-05-12 08:00:00
CLM003068,POL001473,CUST001478,6957.29,APPROVED,2026-05-09,2026-05-14 00:00:00
CLM005093,POL000468,CUST001098,6719.67,CLOSED,2026-05-09,2026-05-12 04:00:00
CLM005715,POL001506,CUST001562,5614.2,CLOSED,2026-05-10,2026-05-11 20:00:00
CLM004817,POL000534,CUST001612,1643.92,APPROVED,2026-05-11,2026-05-14 00:00:00
CLM000595,POL000812,CUST000170,13500.83,APPROVED,2026-04-26,2026-05-14 00:00:00
CLM005319,POL000556,CUST000991,4766.88,CLOSED,2026-05-06,2026-05-12 05:00:00
CLM001115,POL000528,CUST002213,5945.59,APPROVED,2026-05-10,2026-05-14 00:00:00
CLM005653,POL000129,CUST000699,12439.39,PENDING,2026-04-30,2026-05-11 20:00:00
CLM002977,POL000948,CUST000109,4090.19,APPROVED,2026-04-23,2026-05-14 00:00:00
CLM005208,POL001824,CUST001965,1959.37,APPROVED,2026-04-25,2026-05-13 07:00:00
CLM002601,POL001876,CUST002345,3612.1,APPROVED,2026-04-24,2026-05-14 00:00:00
CLM004492,POL000185,CUST001415,9219.79,CLOSED,2026-05-04,2026-05-14 00:00:00
CLM000679,POL000054,CUST001622,6344.55,APPROVED,2026-05-10,2026-05-14 00:00:00
CLM001194,POL001057,CUST002076,5512.25,CLOSED,2026-05-01,2026-05-14 00:00:00
CLM005241,POL001316,CUST002069,1857.17,APPROVED,2026-05-05,2026-05-12 19:00:00
CLM005402,POL000200,CUST000279,9481.47,APPROVED,2026-05-04,2026-05-14 00:00:00
CLM003034,POL001895,CUST000913,3126.88,CLOSED,2026-04-25,2026-05-14 00:00:00
CLM005685,POL000615,CUST001221,6136.57,PENDING,2026-04-25,2026-05-13 02:00:00
CLM004312,POL001089,CUST002599,7319.38,CLOSED,2026-05-06,2026-05-14 00:00:00
CLM005335,POL000597,CUST001615,6627.64,PENDING,2026-04-25,2026-05-13 07:00:00
CLM005233,POL001639,CUST000150,6372.4,PENDING,2026-04-29,2026-05-12 01:00:00
CLM005177,POL001232,CUST001065,8901.17,APPROVED,2026-04-26,2026-05-12 22:00:00
CLM005021,POL000916,CUST001892,9769.39,PENDING,2026-05-11,2026-05-12 03:00:00
CLM005627,POL001694,CUST000461,2993.78,APPROVED,2026-05-07,2026-05-13 03:00:00
CLM005055,POL001661,CUST002333,640.9,APPROVED,2026-05-12,2026-05-13 19:00:00
CLM001219,POL000211,CUST000526,1793.36,APPROVED,2026-05-04,2026-05-14 00:00:00
CLM000361,POL001316,CUST002807,4213.84,CLOSED,2026-04-25,2026-05-14 00:00:00
CLM001145,POL000280,CUST002442,56.49,APPROVED,2026-04-27,2026-05-14 00:00:00
CLM003614,POL000663,CUST002325,3598.94,APPROVED,2026-04-23,2026-05-14 00:00:00
CLM002028,POL000662,CUST000673,7699.48,CLOSED,2026-04-26,2026-05-14 00:00:00
CLM005069,POL001105,CUST000837,365.75,APPROVED,2026-05-10,2026-05-13 03:00:00
CLM005304,POL001017,CUST001175,7112.14,APPROVED,2026-05-10,2026-05-13 06:00:00
CLM001803,POL001304,CUST002697,3149.17,CLOSED,2026-04-26,2026-05-14 00:00:00
CLM003953,POL000194,CUST002188,2324.89,APPROVED,2026-05-05,2026-05-14 00:00:00
CLM004962,POL000544,CUST001871,2811.56,APPROVED,2026-04-24,2026-05-14 00:00:00
CLM001628,POL000225,CUST000209,4815.79,CLOSED,2026-05-09,2026-05-14 00:00:00
CLM005243,POL000955,CUST000912,11278.55,PENDING,2026-05-01,2026-05-11 05:00:00
CLM005068,POL000174,CUST001626,15142.05,CLOSED,2026-05-11,2026-05-13 14:00:00
CLM005453,POL000648,CUST000725,3597.93,PENDING,2026-05-12,2026-05-12 19:00:00
CLM002426,POL000179,CUST002517,525.65,APPROVED,2026-05-10,2026-05-14 00:00:00
CLM005601,POL001709,CUST000545,7018.57,APPROVED,2026-05-10,2026-05-11 05:00:00
CLM005073,POL000877,CUST002419,3866.96,CLOSED,2026-04-28,2026-05-12 20:00:00
CLM000116,POL000460,CUST002142,13917.81,APPROVED,2026-04-26,2026-05-14 00:00:00
CLM005684,POL001144,CUST000025,3991.05,REJECTED,2026-04-28,2026-05-11 11:00:00
CLM005027,POL000350,CUST002189,11717.1,APPROVED,2026-05-03,2026-05-11 01:00:00
CLM004300,POL000903,CUST001362,12485.71,APPROVED,2026-04-22,2026-05-14 00:00:00
CLM000736,POL001439,CUST001749,19001.86,APPROVED,2026-05-09,2026-05-14 00:00:00
CLM002169,POL000459,CUST002165,365.91,APPROVED,2026-05-09,2026-05-14 00:00:00
CLM005564,POL001195,CUST000095,1091.62,APPROVED,2026-05-04,2026-05-12 13:00:00
CLM005521,POL000638,CUST000673,783.39,PENDING,2026-05-13,2026-05-13 04:00:00
CLM005105,POL001662,CUST000969,7469.29,CLOSED,2026-05-02,2026-05-12 08:00:00
CLM005246,POL001467,CUST001833,3514.78,PENDING,2026-04-30,2026-05-13 22:00:00
CLM005134,POL000896,CUST001299,7442.21,APPROVED,2026-05-14,2026-05-11 21:00:00
CLM003816,POL001874,CUST002723,10565.3,APPROVED,2026-04-26,2026-05-14 00:00:00
CLM005194,POL001946,CUST002218,10054.22,APPROVED,2026-05-11,2026-05-11 17:00:00
CLM001391,POL000555,CUST000861,1802.71,CLOSED,2026-04-28,2026-05-14 00:00:00
CLM005703,POL000996,CUST002894,1441.33,APPROVED,2026-05-06,2026-05-11 23:00:00
CLM004663,POL001800,CUST000801,7630.56,APPROVED,2026-05-07,2026-05-14 00:00:00
CLM005071,POL001188,CUST002887,1646.28,APPROVED,2026-05-08,2026-05-13 00:00:00
CLM005044,POL000233,CUST000470,1069.75,APPROVED,2026-05-06,2026-05-12 15:00:00
CLM004040,POL001877,CUST002643,5261.15,APPROVED,2026-05-11,2026-05-14 00:00:00
CLM005674,POL000388,CUST000731,8019.52,REJECTED,2026-05-10,2026-05-13 01:00:00
CLM005372,POL000880,CUST000016,6035.94,APPROVED,2026-05-02,2026-05-11 11:00:00
CLM005528,POL001168,CUST002933,11098.15,APPROVED,2026-04-29,2026-05-12 22:00:00
CLM004992,POL001645,CUST000759,13843.03,CLOSED,2026-05-10,2026-05-14 00:00:00
CLM005655,POL000061,CUST000461,6615.05,CLOSED,2026-05-07,2026-05-11 09:00:00
CLM005159,POL000922,CUST002466,2065.21,CLOSED,2026-05-06,2026-05-13 16:00:00
CLM005280,POL001212,CUST002384,4270.82,APPROVED,2026-05-11,2026-05-13 02:00:00
CLM001611,POL001462,CUST002777,9862.81,CLOSED,2026-04-29,2026-05-14 00:00:00
CLM002139,POL001019,CUST000258,9381.09,CLOSED,2026-05-05,2026-05-14 00:00:00
CLM005167,POL000927,CUST000233,3889.66,APPROVED,2026-04-30,2026-05-13 19:00:00
CLM005266,POL001843,CUST000662,6082.44,CLOSED,2026-05-08,2026-05-11 05:00:00
CLM005445,POL000727,CUST001013,2516.94,APPROVED,2026-04-26,2026-05-13 21:00:00
CLM005282,POL000632,CUST002322,7693.55,PENDING,2026-04-26,2026-05-11 15:00:00
CLM002398,POL001277,CUST002193,1825.19,CLOSED,2026-05-02,2026-05-14 00:00:00
CLM005051,POL001596,CUST002269,6951.04,PENDING,2026-05-12,2026-05-12 01:00:00
CLM001748,POL001131,CUST001323,568.81,APPROVED,2026-05-06,2026-05-14 00:00:00
CLM005553,POL000955,CUST000991,3854.06,PENDING,2026-04-29,2026-05-13 09:00:00
CLM005095,POL000330,CUST002397,1429.06,APPROVED,2026-05-14,2026-05-11 20:00:00
CLM005370,POL001017,CUST001190,4316.64,APPROVED,2026-05-07,2026-05-12 17:00:00
CLM000774,POL000865,CUST000600,10895.8,CLOSED,2026-05-01,2026-05-14 00:00:00
CLM003599,POL001226,CUST001408,2508.21,APPROVED,2026-04-26,2026-05-14 00:00:00
CLM002270,POL001208,CUST001238,6893.95,CLOSED,2026-04-24,2026-05-14 00:00:00
CLM005284,POL001749,CUST001899,3883.07,APPROVED,2026-05-10,2026-05-11 23:00:00
CLM005070,POL000274,CUST002491,3737.84,APPROVED,2026-05-09,2026-05-12 01:00:00
CLM005214,POL001135,CUST000046,7372.49,REJECTED,2026-05-11,2026-05-13 14:00:00
CLM001603,POL001345,CUST001583,8282.04,APPROVED,2026-05-11,2026-05-14 00:00:00
CLM004943,POL000091,CUST000585,10639.65,APPROVED,2026-04-22,2026-05-14 00:00:00
CLM001210,POL000642,CUST002128,6180.94,CLOSED,2026-04-23,2026-05-14 00:00:00
CLM005787,POL001252,CUST000656,8807.78,REJECTED,2026-04-30,2026-05-11 08:00:00
CLM005135,POL001171,CUST001202,2811.33,CLOSED,2026-04-25,2026-05-12 02:00:00
CLM005179,POL000140,CUST002495,2585.99,APPROVED,2026-05-04,2026-05-13 01:00:00
CLM005421,POL001326,CUST002544,2177.9,CLOSED,2026-05-07,2026-05-11 21:00:00
CLM002380,POL000264,CUST001514,4880.36,APPROVED,2026-05-06,2026-05-14 00:00:00
CLM005605,POL000988,CUST001558,6823.9,APPROVED,2026-05-11,2026-05-13 08:00:00
CLM005593,POL001347,CUST002904,2998.89,PENDING,2026-05-10,2026-05-11 17:00:00
CLM005522,POL001222,CUST001111,6380.72,APPROVED,2026-05-12,2026-05-12 10:00:00
CLM004635,POL001668,CUST001434,5546.47,APPROVED,2026-04-29,2026-05-14 00:00:00
CLM003507,POL000733,CUST002100,5404.74,APPROVED,2026-05-03,2026-05-14 00:00:00
CLM002517,POL000850,CUST001427,6452.44,APPROVED,2026-05-10,2026-05-14 00:00:00
CLM001733,POL000805,CUST000647,706.95,APPROVED,2026-04-28,2026-05-14 00:00:00
CLM005079,POL001113,CUST001093,3143.23,APPROVED,2026-05-05,2026-05-11 14:00:00
CLM002235,POL001931,CUST001167,6759.18,APPROVED,2026-04-29,2026-05-14 00:00:00
CLM005544,POL000731,CUST001723,4826.83,APPROVED,2026-04-25,2026-05-12 01:00:00
CLM002396,POL000850,CUST002531,955.12,CLOSED,2026-05-02,2026-05-14 00:00:00
CLM004319,POL001077,CUST000421,1349.18,APPROVED,2026-04-28,2026-05-14 00:00:00
CLM003378,POL000688,CUST000538,1507.65,CLOSED,2026-04-29,2026-05-14 00:00:00
CLM003263,POL000596,CUST000108,6090.73,APPROVED,2026-04-25,2026-05-14 00:00:00
CLM005766,POL000025,CUST002622,11134.76,REJECTED,2026-05-03,2026-05-11 15:00:00
CLM000701,POL001424,CUST001235,5182.99,APPROVED,2026-04-28,2026-05-14 00:00:00
CLM005288,POL000186,CUST001770,1406.82,REJECTED,2026-05-06,2026-05-13 22:00:00
CLM005444,POL001047,CUST000912,1074.54,APPROVED,2026-05-04,2026-05-12 08:00:00
CLM005125,POL001423,CUST000837,3270.53,REJECTED,2026-04-26,2026-05-13 15:00:00
CLM005502,POL001732,CUST002370,8744.0,APPROVED,2026-04-28,2026-05-13 09:00:00
CLM005354,POL001319,CUST001191,2053.18,APPROVED,2026-05-13,2026-05-12 22:00:00
CLM002271,POL001384,CUST002852,2992.49,APPROVED,2026-04-29,2026-05-14 00:00:00
CLM002393,POL000070,CUST001095,5592.54,APPROVED,2026-05-06,2026-05-14 00:00:00
CLM005533,POL001627,CUST000638,7325.07,CLOSED,2026-05-07,2026-05-12 14:00:00
CLM005145,POL000650,CUST002862,3241.09,APPROVED,2026-05-11,2026-05-13 07:00:00
CLM002346,POL000069,CUST000862,3176.46,CLOSED,2026-04-22,2026-05-14 00:00:00
CLM001792,POL001536,CUST000067,1610.68,APPROVED,2026-05-05,2026-05-14 00:00:00
CLM005403,POL001808,CUST001323,6589.41,PENDING,2026-05-01,2026-05-11 23:00:00
CLM005115,POL000525,CUST001203,3307.51,APPROVED,2026-04-26,2026-05-13 17:00:00
CLM002726,POL001207,CUST001368,1297.63,APPROVED,2026-04-28,2026-05-14 00:00:00
CLM003071,POL001416,CUST002898,4804.88,APPROVED,2026-05-10,2026-05-14 00:00:00
CLM003773,POL001285,CUST000777,883.81,APPROVED,2026-04-27,2026-05-14 00:00:00
CLM005786,POL001754,CUST000549,1665.4,APPROVED,2026-04-29,2026-05-11 20:00:00
CLM005091,POL001757,CUST000933,2610.55,APPROVED,2026-05-13,2026-05-13 13:00:00
CLM005480,POL000743,CUST002254,3050.29,APPROVED,2026-04-25,2026-05-11 11:00:00
CLM001207,POL001998,CUST001528,2902.38,CLOSED,2026-05-09,2026-05-14 00:00:00
CLM005406,POL001762,CUST002806,7646.2,APPROVED,2026-04-30,2026-05-13 12:00:00
CLM005560,POL001715,CUST002250,2818.66,APPROVED,2026-04-26,2026-05-11 15:00:00
CLM005557,POL000357,CUST001705,9576.49,APPROVED,2026-05-11,2026-05-13 22:00:00
CLM004773,POL000242,CUST001217,1786.61,CLOSED,2026-04-22,2026-05-14 00:00:00
CLM005770,POL000674,CUST002739,1167.09,REJECTED,2026-04-28,2026-05-11 11:00:00
CLM002437,POL000104,CUST000425,5897.82,APPROVED,2026-05-10,2026-05-14 00:00:00
CLM000492,POL001519,CUST000256,1542.47,CLOSED,2026-04-25,2026-05-14 00:00:00
CLM004545,POL001457,CUST001360,3686.86,CLOSED,2026-04-25,2026-05-14 00:00:00
CLM005298,POL000267,CUST000215,2724.7,PENDING,2026-04-28,2026-05-12 15:00:00
CLM001499,POL000707,CUST000206,5266.38,APPROVED,2026-05-05,2026-05-14 00:00:00
CLM005752,POL001197,CUST002948,4423.9,REJECTED,2026-05-05,2026-05-11 14:00:00
CLM005410,POL001075,CUST001745,3287.11,PENDING,2026-04-25,2026-05-12 19:00:00
CLM005647,POL000019,CUST000097,9083.2,PENDING,2026-04-26,2026-05-13 14:00:00
CLM005626,POL001265,CUST001440,1337.99,APPROVED,2026-05-07,2026-05-13 16:00:00
CLM005277,POL000447,CUST002667,7137.39,PENDING,2026-05-05,2026-05-13 22:00:00
CLM005555,POL000602,CUST000068,3825.4,CLOSED,2026-05-11,2026-05-13 22:00:00
CLM001556,POL001949,CUST002334,3014.67,APPROVED,2026-05-04,2026-05-14 00:00:00
CLM002018,POL001256,CUST000200,7962.74,CLOSED,2026-05-11,2026-05-14 00:00:00
CLM005092,POL000181,CUST002993,4466.23,APPROVED,2026-05-02,2026-05-13 04:00:00
CLM000801,POL000758,CUST000667,6873.51,CLOSED,2026-04-30,2026-05-14 00:00:00
CLM002765,POL001583,CUST000478,1664.0,CLOSED,2026-04-24,2026-05-14 00:00:00
CLM000474,POL001798,CUST000574,3930.95,APPROVED,2026-04-30,2026-05-14 00:00:00
CLM002576,POL001843,CUST002003,3881.17,APPROVED,2026-05-06,2026-05-14 00:00:00
CLM002432,POL001231,CUST002562,26798.4,CLOSED,2026-05-02,2026-05-14 00:00:00
CLM005576,POL001913,CUST000516,6805.24,CLOSED,2026-04-30,2026-05-11 16:00:00
CLM005574,POL000830,CUST002697,5387.74,PENDING,2026-05-14,2026-05-13 16:00:00
CLM005089,POL001646,CUST000029,3132.97,PENDING,2026-05-06,2026-05-11 02:00:00
CLM005196,POL000843,CUST000449,3412.92,APPROVED,2026-05-03,2026-05-12 14:00:00
CLM001846,POL001489,CUST002825,4103.0,APPROVED,2026-05-11,2026-05-14 00:00:00
CLM005383,POL001919,CUST001265,3368.56,APPROVED,2026-04-29,2026-05-11 20:00:00
CLM002083,POL000450,CUST001111,5643.88,APPROVED,2026-05-08,2026-05-14 00:00:00
CLM004411,POL001368,CUST001315,8881.31,APPROVED,2026-05-07,2026-05-14 00:00:00
CLM005363,POL001308,CUST000060,4755.81,APPROVED,2026-05-04,2026-05-12 08:00:00
CLM002531,POL001208,CUST001681,3616.62,APPROVED,2026-04-23,2026-05-14 00:00:00
CLM005565,POL000680,CUST001326,2812.03,APPROVED,2026-05-14,2026-05-13 21:00:00
CLM000982,POL000334,CUST000980,1825.57,CLOSED,2026-05-03,2026-05-14 00:00:00
CLM000007,POL001245,CUST002180,7414.1,APPROVED,2026-04-26,2026-05-14 00:00:00
CLM003341,POL000049,CUST001109,2280.15,CLOSED,2026-04-26,2026-05-14 00:00:00
CLM005175,POL001597,CUST001495,5580.84,REJECTED,2026-04-25,2026-05-13 22:00:00
CLM001344,POL001843,CUST000518,2044.25,CLOSED,2026-05-10,2026-05-14 00:00:00
CLM005606,POL000390,CUST001790,5244.12,APPROVED,2026-05-11,2026-05-11 10:00:00
CLM005238,POL001513,CUST000211,5392.93,APPROVED,2026-04-27,2026-05-12 01:00:00
CLM005318,POL000515,CUST002253,3459.83,CLOSED,2026-05-08,2026-05-11 04:00:00
CLM005798,POL001296,CUST001721,2354.18,REJECTED,2026-05-09,2026-05-12 15:00:00
CLM005137,POL001829,CUST001234,9898.24,APPROVED,2026-05-07,2026-05-13 19:00:00
CLM001435,POL001942,CUST000453,3688.28,APPROVED,2026-04-27,2026-05-14 00:00:00
CLM005488,POL000771,CUST001673,3277.76,CLOSED,2026-05-02,2026-05-13 20:00:00
CLM002882,POL001987,CUST000325,18441.68,CLOSED,2026-04-22,2026-05-14 00:00:00
CLM005690,POL001735,CUST001279,4806.81,CLOSED,2026-05-10,2026-05-11 10:00:00
CLM005734,POL001735,CUST000752,10065.75,APPROVED,2026-04-26,2026-05-12 12:00:00
CLM005244,POL000116,CUST000548,2977.85,PENDING,2026-05-02,2026-05-11 23:00:00
CLM005514,POL001312,CUST001181,3946.18,CLOSED,2026-05-14,2026-05-13 05:00:00
CLM005451,POL001608,CUST000514,9347.13,APPROVED,2026-05-05,2026-05-11 06:00:00
CLM005484,POL001084,CUST001154,7259.35,CLOSED,2026-05-12,2026-05-14 00:00:00
CLM005704,POL001724,CUST000682,319.59,APPROVED,2026-05-13,2026-05-13 17:00:00
CLM004172,POL001213,CUST002915,4482.07,CLOSED,2026-05-06,2026-05-14 00:00:00
CLM005726,POL000195,CUST000251,2032.46,PENDING,2026-04-26,2026-05-13 19:00:00
CLM005305,POL000991,CUST000660,1283.58,APPROVED,2026-05-12,2026-05-12 11:00:00
CLM003458,POL001225,CUST001329,9135.6,CLOSED,2026-04-27,2026-05-14 00:00:00
CLM005621,POL000146,CUST001362,2059.21,APPROVED,2026-04-25,2026-05-12 23:00:00
CLM001662,POL001663,CUST002770,2255.95,APPROVED,2026-04-24,2026-05-14 00:00:00
CLM005433,POL000043,CUST000230,5276.76,APPROVED,2026-05-14,2026-05-11 06:00:00
CLM003491,POL000195,CUST000859,5714.8,APPROVED,2026-04-22,2026-05-14 00:00:00
CLM005041,POL001455,CUST002105,2539.44,APPROVED,2026-05-06,2026-05-13 12:00:00
CLM005072,POL001171,CUST001190,14749.34,APPROVED,2026-05-10,2026-05-13 03:00:00
CLM002205,POL001405,CUST000491,902.97,APPROVED,2026-04-28,2026-05-14 00:00:00
CLM005641,POL001672,CUST002425,6189.18,APPROVED,2026-04-29,2026-05-13 20:00:00
CLM005154,POL000861,CUST002217,7535.25,APPROVED,2026-05-14,2026-05-12 17:00:00
CLM000319,POL001727,CUST002202,12832.48,CLOSED,2026-05-01,2026-05-14 00:00:00
CLM005461,POL001641,CUST000899,5592.96,PENDING,2026-05-02,2026-05-13 08:00:00
CLM005268,POL000633,CUST000444,712.27,APPROVED,2026-04-28,2026-05-13 01:00:00
CLM001773,POL001945,CUST002457,3315.51,APPROVED,2026-04-27,2026-05-14 00:00:00
CLM005664,POL001065,CUST000847,6877.23,REJECTED,2026-04-27,2026-05-13 11:00:00
CLM005600,POL000797,CUST000471,1375.01,APPROVED,2026-05-05,2026-05-11 19:00:00
CLM005325,POL000854,CUST000521,1604.4,PENDING,2026-05-13,2026-05-12 17:00:00
CLM002164,POL000723,CUST001509,8661.43,APPROVED,2026-05-06,2026-05-14 00:00:00
CLM001228,POL001156,CUST001005,5977.91,APPROVED,2026-05-03,2026-05-14 00:00:00
CLM001176,POL001632,CUST001329,4560.41,CLOSED,2026-04-27,2026-05-14 00:00:00
CLM003667,POL001761,CUST001630,11384.57,CLOSED,2026-05-02,2026-05-14 00:00:00
CLM005623,POL001309,CUST000221,4808.65,PENDING,2026-04-30,2026-05-11 01:00:00
CLM005150,POL001367,CUST000316,9730.41,APPROVED,2026-05-03,2026-05-12 12:00:00
CLM002344,POL001774,CUST001588,3804.96,APPROVED,2026-05-08,2026-05-14 00:00:00
CLM004087,POL000772,CUST002743,1383.7,APPROVED,2026-05-02,2026-05-14 00:00:00
CLM005675,POL000637,CUST001576,11522.68,APPROVED,2026-04-30,2026-05-13 19:00:00
CLM005679,POL001270,CUST002999,12583.25,PENDING,2026-05-01,2026-05-12 18:00:00
CLM005516,POL000587,CUST001787,4386.38,CLOSED,2026-04-26,2026-05-11 13:00:00
CLM002265,POL000585,CUST001407,10561.22,APPROVED,2026-04-30,2026-05-14 00:00:00
CLM005329,POL001259,CUST001009,3747.94,CLOSED,2026-05-11,2026-05-12 09:00:00
CLM005661,POL001458,CUST000014,1436.48,APPROVED,2026-04-27,2026-05-12 15:00:00
CLM004511,POL000341,CUST001593,4629.97,APPROVED,2026-04-29,2026-05-14 00:00:00
CLM005575,POL000620,CUST001155,5423.64,REJECTED,2026-05-11,2026-05-13 00:00:00
CLM005693,POL000077,CUST002458,3170.19,REJECTED,2026-04-28,2026-05-12 23:00:00
CLM000445,POL001570,CUST002773,5542.57,APPROVED,2026-04-25,2026-05-14 00:00:00
CLM005302,POL001503,CUST001809,11382.6,CLOSED,2026-05-08,2026-05-11 21:00:00
CLM001685,POL001822,CUST000309,4525.36,APPROVED,2026-05-04,2026-05-14 00:00:00
CLM004349,POL000672,CUST002393,1947.32,APPROVED,2026-04-28,2026-05-14 00:00:00
CLM005066,POL000094,CUST000494,4666.04,CLOSED,2026-05-11,2026-05-13 01:00:00
CLM005235,POL000653,CUST001563,2030.7,APPROVED,2026-04-25,2026-05-11 14:00:00
CLM004375,POL000392,CUST000886,8760.35,APPROVED,2026-05-10,2026-05-14 00:00:00
CLM001948,POL001740,CUST001256,1956.28,APPROVED,2026-05-07,2026-05-14 00:00:00
CLM004130,POL000783,CUST000391,7295.3,APPROVED,2026-04-27,2026-05-14 00:00:00
CLM000723,POL000341,CUST001759,892.86,APPROVED,2026-04-24,2026-05-14 00:00:00
CLM000986,POL001028,CUST001953,5303.87,CLOSED,2026-05-07,2026-05-14 00:00:00
CLM005029,POL000154,CUST002147,7193.66,CLOSED,2026-05-02,2026-05-12 22:00:00
CLM004034,POL000057,CUST002997,9276.46,CLOSED,2026-05-01,2026-05-14 00:00:00
CLM005163,POL000126,CUST000543,4384.77,APPROVED,2026-04-29,2026-05-11 14:00:00
CLM005391,POL000374,CUST000846,6058.83,CLOSED,2026-05-11,2026-05-13 16:00:00
CLM005654,POL000942,CUST002999,9758.72,APPROVED,2026-05-11,2026-05-11 10:00:00
CLM002647,POL001966,CUST000518,4016.32,CLOSED,2026-04-30,2026-05-14 00:00:00
CLM005566,POL000185,CUST001178,5526.76,APPROVED,2026-05-14,2026-05-11 06:00:00
CLM004997,POL001759,CUST001372,8444.65,APPROVED,2026-05-04,2026-05-14 00:00:00
CLM005597,POL001737,CUST002452,6264.14,PENDING,2026-05-08,2026-05-12 16:00:00
CLM002448,POL000091,CUST002505,1244.06,CLOSED,2026-05-08,2026-05-14 00:00:00
CLM002262,POL001816,CUST000043,4744.89,CLOSED,2026-05-01,2026-05-14 00:00:00
CLM005165,POL000214,CUST001188,9903.83,PENDING,2026-05-09,2026-05-12 07:00:00
CLM005054,POL000434,CUST001103,1380.61,PENDING,2026-04-26,2026-05-11 07:00:00
CLM005495,POL000388,CUST000796,1593.79,PENDING,2026-05-05,2026-05-13 06:00:00
CLM005587,POL001336,CUST002702,3977.49,CLOSED,2026-04-30,2026-05-13 15:00:00
CLM004418,POL000701,CUST002503,15727.71,APPROVED,2026-05-09,2026-05-14 00:00:00
CLM005058,POL001372,CUST000484,1356.52,CLOSED,2026-05-11,2026-05-12 00:00:00
CLM003987,POL000893,CUST002220,1524.75,APPROVED,2026-05-08,2026-05-14 00:00:00
CLM005644,POL001736,CUST001162,6228.69,APPROVED,2026-05-14,2026-05-13 17:00:00
CLM001524,POL000428,CUST001224,7523.0,APPROVED,2026-04-27,2026-05-14 00:00:00
CLM003925,POL001512,CUST000620,2073.57,CLOSED,2026-04-22,2026-05-14 00:00:00
CLM002795,POL001388,CUST000233,7429.53,CLOSED,2026-05-06,2026-05-14 00:00:00
CLM005257,POL000285,CUST002677,2216.4,APPROVED,2026-05-06,2026-05-13 09:00:00
CLM002624,POL000359,CUST002691,7576.23,APPROVED,2026-04-25,2026-05-14 00:00:00
CLM000415,POL000514,CUST002261,2933.67,APPROVED,2026-04-22,2026-05-14 00:00:00
CLM001842,POL000358,CUST001690,6909.02,CLOSED,2026-05-10,2026-05-14 00:00:00
CLM003093,POL001511,CUST001617,4209.7,CLOSED,2026-05-04,2026-05-14 00:00:00
CLM003678,POL000784,CUST000728,11798.25,CLOSED,2026-04-23,2026-05-14 00:00:00
CLM002064,POL000682,CUST002957,8007.05,APPROVED,2026-04-27,2026-05-14 00:00:00
CLM005312,POL001785,CUST000926,4148.49,APPROVED,2026-05-04,2026-05-11 16:00:00
CLM004528,POL001618,CUST002733,832.97,CLOSED,2026-04-24,2026-05-14 00:00:00
CLM005328,POL000630,CUST002091,3879.33,APPROVED,2026-04-27,2026-05-14 00:00:00
CLM004092,POL001644,CUST000537,2434.49,APPROVED,2026-05-09,2026-05-14 00:00:00
CLM005060,POL000744,CUST000937,4890.85,APPROVED,2026-04-28,2026-05-13 11:00:00
CLM005683,POL000639,CUST000418,2391.25,APPROVED,2026-05-05,2026-05-11 11:00:00
CLM000180,POL001221,CUST001901,2906.35,CLOSED,2026-04-22,2026-05-14 00:00:00
CLM005371,POL000499,CUST001255,10125.52,APPROVED,2026-05-04,2026-05-12 18:00:00
CLM003002,POL001924,CUST002051,9436.55,CLOSED,2026-04-24,2026-05-14 00:00:00
CLM004011,POL000534,CUST000771,1706.81,APPROVED,2026-04-23,2026-05-14 00:00:00
CLM000208,POL000754,CUST000421,3283.82,CLOSED,2026-05-04,2026-05-14 00:00:00
CLM002461,POL001089,CUST001581,5327.48,CLOSED,2026-05-04,2026-05-14 00:00:00
CLM003812,POL000317,CUST000930,2541.3,APPROVED,2026-05-02,2026-05-14 00:00:00
CLM000055,POL001501,CUST000592,12303.64,APPROVED,2026-05-09,2026-05-14 00:00:00
CLM002704,POL000236,CUST001245,4772.22,CLOSED,2026-05-10,2026-05-14 00:00:00
CLM005643,POL000434,CUST000694,4290.01,PENDING,2026-05-08,2026-05-13 07:00:00
CLM001635,POL000942,CUST002004,6684.96,APPROVED,2026-05-03,2026-05-14 00:00:00
CLM004120,POL000228,CUST000242,1923.31,CLOSED,2026-05-03,2026-05-14 00:00:00
CLM004939,POL001471,CUST001680,2621.37,CLOSED,2026-05-04,2026-05-14 00:00:00
CLM004759,POL001360,CUST000840,17646.25,APPROVED,2026-04-26,2026-05-14 00:00:00
CLM005227,POL001628,CUST000802,2818.97,CLOSED,2026-05-09,2026-05-12 19:00:00
CLM005189,POL001590,CUST001904,3664.03,APPROVED,2026-04-25,2026-05-13 05:00:00
CLM004302,POL001462,CUST000530,3350.47,CLOSED,2026-05-06,2026-05-14 00:00:00
CLM004594,POL001995,CUST001210,3554.83,APPROVED,2026-05-11,2026-05-14 00:00:00
CLM003572,POL000109,CUST001579,7010.28,CLOSED,2026-05-07,2026-05-14 00:00:00
CLM005248,POL001198,CUST000436,27351.23,CLOSED,2026-05-11,2026-05-12 22:00:00
CLM001128,POL000808,CUST000177,3000.93,APPROVED,2026-05-01,2026-05-14 00:00:00
CLM005775,POL000422,CUST002177,7213.19,CLOSED,2026-05-07,2026-05-13 13:00:00
CLM002452,POL001948,CUST001221,2139.57,CLOSED,2026-05-09,2026-05-14 00:00:00
CLM004345,POL000832,CUST002510,10650.8,CLOSED,2026-05-05,2026-05-14 00:00:00
CLM005436,POL000019,CUST001745,4445.26,CLOSED,2026-05-09,2026-05-12 10:00:00
CLM000681,POL001439,CUST002616,3665.98,CLOSED,2026-05-10,2026-05-14 00:00:00
CLM005339,POL001551,CUST002424,1610.4,APPROVED,2026-05-14,2026-05-11 14:00:00
CLM002934,POL000670,CUST001736,13370.26,CLOSED,2026-05-03,2026-05-14 00:00:00
CLM005474,POL000527,CUST002453,3006.66,APPROVED,2026-04-27,2026-05-12 12:00:00
CLM002858,POL001735,CUST002237,8584.43,CLOSED,2026-04-25,2026-05-14 00:00:00
CLM004155,POL000816,CUST002587,13066.97,CLOSED,2026-05-09,2026-05-14 00:00:00
CLM003256,POL001765,CUST002051,7806.82,APPROVED,2026-04-30,2026-05-14 00:00:00
CLM005792,POL000168,CUST000446,7701.3,APPROVED,2026-04-30,2026-05-11 07:00:00
CLM003732,POL001653,CUST000557,6644.45,APPROVED,2026-05-03,2026-05-14 00:00:00
CLM005499,POL000715,CUST002537,11470.33,CLOSED,2026-04-26,2026-05-11 12:00:00
CLM005717,POL000851,CUST000204,4309.9,APPROVED,2026-04-29,2026-05-13 06:00:00
CLM004650,POL001271,CUST000613,5226.62,APPROVED,2026-05-04,2026-05-14 00:00:00
CLM005340,POL001098,CUST002183,4837.54,APPROVED,2026-05-04,2026-05-12 20:00:00
CLM002868,POL001244,CUST001945,3288.85,APPROVED,2026-05-05,2026-05-14 00:00:00
CLM003325,POL001413,CUST001231,4475.02,APPROVED,2026-05-04,2026-05-14 00:00:00
CLM005592,POL000065,CUST000291,2773.06,CLOSED,2026-05-08,2026-05-11 11:00:00
CLM005202,POL000556,CUST000697,4416.96,APPROVED,2026-05-10,2026-05-11 11:00:00
CLM005492,POL001269,CUST000176,2648.93,CLOSED,2026-05-10,2026-05-13 18:00:00
CLM005374,POL001523,CUST001598,2443.78,PENDING,2026-04-25,2026-05-13 00:00:00
CLM005186,POL000181,CUST002169,894.79,CLOSED,2026-04-28,2026-05-13 14:00:00
CLM004127,POL001802,CUST000195,6203.78,CLOSED,2026-05-07,2026-05-14 00:00:00
CLM005149,POL001879,CUST001991,7745.06,REJECTED,2026-04-27,2026-05-13 07:00:00
CLM005487,POL001142,CUST001129,2217.83,PENDING,2026-05-06,2026-05-11 14:00:00
CLM005749,POL000173,CUST000848,2114.59,APPROVED,2026-05-09,2026-05-13 07:00:00
CLM004595,POL000258,CUST002298,2734.83,CLOSED,2026-05-01,2026-05-14 00:00:00
CLM005602,POL000015,CUST001763,4736.52,PENDING,2026-05-05,2026-05-14 00:00:00
CLM004654,POL000407,CUST001563,9746.78,CLOSED,2026-05-10,2026-05-14 00:00:00
CLM002216,POL001250,CUST000996,14619.13,APPROVED,2026-05-07,2026-05-14 00:00:00
CLM002928,POL001506,CUST002515,4535.44,APPROVED,2026-05-09,2026-05-14 00:00:00
CLM005678,POL001417,CUST002811,1227.6,CLOSED,2026-05-13,2026-05-13 07:00:00
CLM002922,POL001596,CUST001872,651.05,APPROVED,2026-04-27,2026-05-14 00:00:00
CLM001941,POL000316,CUST000287,6441.51,CLOSED,2026-04-23,2026-05-14 00:00:00
CLM002411,POL001909,CUST002714,7379.81,CLOSED,2026-05-04,2026-05-14 00:00:00
CLM001808,POL000754,CUST000818,7338.99,CLOSED,2026-04-26,2026-05-14 00:00:00
CLM002175,POL000765,CUST002649,5709.53,APPROVED,2026-05-08,2026-05-14 00:00:00
CLM003817,POL001771,CUST002641,1788.46,APPROVED,2026-04-23,2026-05-14 00:00:00
CLM005153,POL001823,CUST000907,2200.63,PENDING,2026-05-14,2026-05-11 16:00:00
CLM003372,POL001035,CUST002610,7142.67,CLOSED,2026-05-05,2026-05-14 00:00:00
CLM004060,POL000612,CUST001733,1571.54,APPROVED,2026-04-27,2026-05-14 00:00:00
CLM005025,POL000870,CUST002468,4964.38,APPROVED,2026-05-08,2026-05-11 06:00:00
CLM001180,POL001717,CUST002106,4669.33,APPROVED,2026-05-08,2026-05-14 00:00:00
CLM005276,POL001431,CUST002517,6615.55,APPROVED,2026-04-27,2026-05-11 21:00:00
CLM005426,POL001925,CUST002872,6849.99,APPROVED,2026-05-07,2026-05-12 12:00:00
CLM005794,POL001675,CUST002699,850.33,CLOSED,2026-04-28,2026-05-13 02:00:00
CLM001229,POL000938,CUST001827,6774.65,CLOSED,2026-04-25,2026-05-14 00:00:00
CLM004872,POL001146,CUST002080,629.66,APPROVED,2026-05-04,2026-05-14 00:00:00
CLM005038,POL001392,CUST000142,6335.47,APPROVED,2026-05-07,2026-05-12 22:00:00
CLM002729,POL000909,CUST001388,4118.76,APPROVED,2026-05-02,2026-05-14 00:00:00
CLM005504,POL000662,CUST002432,11734.78,APPROVED,2026-05-05,2026-05-11 01:00:00
CLM000316,POL001056,CUST000500,2168.66,APPROVED,2026-04-26,2026-05-14 00:00:00
CLM005348,POL001898,CUST002223,7378.91,PENDING,2026-05-14,2026-05-13 21:00:00
CLM001383,POL000564,CUST001630,3878.69,APPROVED,2026-05-11,2026-05-14 00:00:00
CLM005520,POL000216,CUST001529,6739.51,PENDING,2026-04-27,2026-05-13 04:00:00
CLM005657,POL000750,CUST002375,2684.28,APPROVED,2026-05-08,2026-05-11 17:00:00
CLM004716,POL000590,CUST000543,5007.66,APPROVED,2026-05-10,2026-05-14 00:00:00
CLM005760,POL001733,CUST002136,4138.54,REJECTED,2026-05-01,2026-05-12 04:00:00
CLM001399,POL001917,CUST001785,5352.42,CLOSED,2026-05-11,2026-05-14 00:00:00
CLM002806,POL001392,CUST001346,3059.58,APPROVED,2026-05-07,2026-05-14 00:00:00
CLM000639,POL000851,CUST002137,11395.37,CLOSED,2026-04-23,2026-05-14 00:00:00
CLM005744,POL001764,CUST001801,2823.29,APPROVED,2026-05-06,2026-05-12 09:00:00
CLM005152,POL000118,CUST000670,17810.7,CLOSED,2026-05-07,2026-05-13 03:00:00
CLM000079,POL000141,CUST002561,5914.9,APPROVED,2026-05-10,2026-05-14 00:00:00
CLM005190,POL001637,CUST002005,5396.43,APPROVED,2026-05-09,2026-05-13 14:00:00
CLM004441,POL001165,CUST001993,14538.9,APPROVED,2026-04-29,2026-05-14 00:00:00
CLM002854,POL000961,CUST002874,2719.75,APPROVED,2026-05-02,2026-05-14 00:00:00
CLM005754,POL001506,CUST001788,5552.87,PENDING,2026-05-14,2026-05-12 21:00:00
CLM005138,POL001328,CUST000394,11458.42,APPROVED,2026-04-25,2026-05-13 01:00:00
CLM005229,POL001835,CUST002804,5764.02,PENDING,2026-05-02,2026-05-11 11:00:00
CLM005698,POL001578,CUST002084,5317.01,REJECTED,2026-05-13,2026-05-12 12:00:00
CLM000636,POL000661,CUST001537,13413.17,APPROVED,2026-04-24,2026-05-14 00:00:00
CLM000162,POL001378,CUST001790,5577.17,APPROVED,2026-05-01,2026-05-14 00:00:00
CLM005619,POL000524,CUST002659,5035.45,APPROVED,2026-05-13,2026-05-14 00:00:00
CLM003625,POL001083,CUST000107,1812.12,CLOSED,2026-05-09,2026-05-14 00:00:00
CLM001336,POL000316,CUST001037,5419.78,CLOSED,2026-04-23,2026-05-14 00:00:00
CLM005761,POL000949,CUST002891,4835.98,APPROVED,2026-05-07,2026-05-13 09:00:00
CLM001722,POL000670,CUST000341,8560.13,APPROVED,2026-05-02,2026-05-14 00:00:00
CLM005239,POL001500,CUST001890,2872.0,APPROVED,2026-05-02,2026-05-11 23:00:00
CLM001794,POL000637,CUST001112,5812.71,APPROVED,2026-04-24,2026-05-14 00:00:00
CLM000709,POL001419,CUST002055,1767.17,APPROVED,2026-05-11,2026-05-14 00:00:00
CLM005431,POL001978,CUST002927,3020.15,REJECTED,2026-04-29,2026-05-13 21:00:00
CLM002941,POL000575,CUST001438,16604.63,APPROVED,2026-05-01,2026-05-14 00:00:00
CLM005615,POL000126,CUST001965,7793.03,APPROVED,2026-04-25,2026-05-13 19:00:00
CLM005260,POL000777,CUST001045,4184.41,CLOSED,2026-04-26,2026-05-12 19:00:00
CLM005523,POL001225,CUST002506,3078.67,CLOSED,2026-05-11,2026-05-13 10:00:00
CLM003709,POL001883,CUST000956,771.33,APPROVED,2026-04-23,2026-05-14 00:00:00
CLM003471,POL001789,CUST002868,3217.65,APPROVED,2026-04-24,2026-05-14 00:00:00
CLM005628,POL000443,CUST001529,3672.05,CLOSED,2026-05-06,2026-05-12 03:00:00
CLM005311,POL000799,CUST000569,5095.98,APPROVED,2026-04-28,2026-05-11 15:00:00
CLM001058,POL000665,CUST002709,3222.6,CLOSED,2026-04-24,2026-05-14 00:00:00
CLM001599,POL000095,CUST001031,1915.17,APPROVED,2026-05-10,2026-05-14 00:00:00
CLM005414,POL001047,CUST001914,1478.66,APPROVED,2026-05-06,2026-05-11 01:00:00
CLM005751,POL001788,CUST000356,604.13,APPROVED,2026-05-10,2026-05-12 20:00:00
CLM000139,POL000888,CUST000247,4998.2,APPROVED,2026-04-28,2026-05-14 00:00:00
CLM001171,POL000347,CUST001053,6894.99,CLOSED,2026-04-23,2026-05-14 00:00:00
CLM002762,POL001334,CUST002010,3567.1,CLOSED,2026-05-05,2026-05-14 00:00:00
CLM005228,POL001168,CUST000231,4247.0,CLOSED,2026-05-07,2026-05-13 09:00:00
CLM005193,POL001506,CUST002361,3725.6,PENDING,2026-05-13,2026-05-11 03:00:00
CLM004753,POL001110,CUST000693,10271.7,CLOSED,2026-05-01,2026-05-14 00:00:00
CLM004779,POL001074,CUST002719,4407.15,CLOSED,2026-05-01,2026-05-14 00:00:00
CLM003945,POL000120,CUST002931,9367.57,APPROVED,2026-04-25,2026-05-14 00:00:00
CLM005131,POL000578,CUST002392,3156.97,APPROVED,2026-05-04,2026-05-12 00:00:00
CLM005483,POL001893,CUST002025,1390.95,CLOSED,2026-05-04,2026-05-11 19:00:00
CLM005361,POL001961,CUST000002,1742.52,CLOSED,2026-05-05,2026-05-12 22:00:00
CLM004270,POL000916,CUST001074,7962.07,APPROVED,2026-04-26,2026-05-14 00:00:00
CLM005002,POL001367,CUST001415,3483.92,PENDING,2026-05-11,2026-05-12 22:00:00
CLM005278,POL000775,CUST001230,5871.95,APPROVED,2026-05-06,2026-05-11 22:00:00
CLM003703,POL001126,CUST001550,14124.71,APPROVED,2026-05-10,2026-05-14 00:00:00
CLM005344,POL001882,CUST002413,7505.96,APPROVED,2026-05-11,2026-05-11 22:00:00
CLM005279,POL001847,CUST000994,5746.65,PENDING,2026-04-27,2026-05-13 14:00:00
CLM004315,POL001949,CUST000546,8267.11,CLOSED,2026-04-29,2026-05-14 00:00:00
CLM001494,POL001399,CUST000920,3903.37,APPROVED,2026-05-04,2026-05-14 00:00:00
CLM005437,POL000853,CUST000640,13306.25,APPROVED,2026-05-09,2026-05-12 03:00:00
CLM001522,POL001993,CUST001862,6254.37,APPROVED,2026-05-02,2026-05-14 00:00:00
CLM004347,POL000642,CUST001382,7558.41,CLOSED,2026-05-03,2026-05-14 00:00:00
CLM005706,POL000999,CUST000833,3341.09,APPROVED,2026-05-03,2026-05-11 12:00:00
CLM005723,POL001497,CUST002822,1642.71,PENDING,2026-05-09,2026-05-13 04:00:00
CLM005088,POL001093,CUST001809,10539.35,PENDING,2026-05-13,2026-05-11 13:00:00
CLM005219,POL001094,CUST000958,3130.44,PENDING,2026-04-28,2026-05-12 18:00:00
CLM003498,POL000087,CUST001308,1761.37,APPROVED,2026-04-22,2026-05-14 00:00:00
CLM005015,POL000401,CUST000409,8734.75,APPROVED,2026-05-10,2026-05-13 16:00:00
CLM005713,POL000532,CUST001781,7076.86,APPROVED,2026-05-07,2026-05-12 01:00:00
CLM003022,POL000873,CUST000067,3646.28,CLOSED,2026-05-03,2026-05-14 00:00:00
CLM005011,POL000750,CUST002342,7143.28,PENDING,2026-05-10,2026-05-12 22:00:00
CLM001869,POL001881,CUST002555,4231.23,CLOSED,2026-05-06,2026-05-14 00:00:00
CLM005577,POL000814,CUST000717,1612.86,APPROVED,2026-04-30,2026-05-11 02:00:00
CLM005226,POL001483,CUST000526,3753.12,PENDING,2026-05-06,2026-05-11 15:00:00
CLM005470,POL000610,CUST000524,2276.06,APPROVED,2026-04-28,2026-05-12 17:00:00
CLM005529,POL001482,CUST001777,1900.63,APPROVED,2026-05-07,2026-05-12 18:00:00
CLM000673,POL001665,CUST000686,276.17,APPROVED,2026-04-29,2026-05-14 00:00:00
CLM005127,POL001097,CUST000035,10937.7,CLOSED,2026-04-29,2026-05-12 09:00:00
CLM000887,POL001176,CUST001240,3216.28,APPROVED,2026-04-30,2026-05-14 00:00:00
CLM000133,POL001878,CUST002052,3805.47,APPROVED,2026-04-30,2026-05-14 00:00:00
CLM005148,POL000449,CUST001644,3790.67,CLOSED,2026-05-10,2026-05-12 16:00:00
CLM003361,POL000311,CUST000336,2116.86,APPROVED,2026-05-08,2026-05-14 00:00:00
CLM005531,POL001808,CUST000356,1387.28,APPROVED,2026-05-08,2026-05-11 21:00:00
CLM005753,POL000260,CUST002076,4605.4,CLOSED,2026-05-03,2026-05-12 22:00:00
CLM000562,POL001532,CUST001898,4975.99,CLOSED,2026-05-03,2026-05-14 00:00:00
CLM002290,POL000830,CUST002427,5037.77,APPROVED,2026-05-04,2026-05-14 00:00:00
CLM002660,POL000334,CUST002574,696.12,CLOSED,2026-05-03,2026-05-14 00:00:00
CLM001091,POL000655,CUST000738,16422.75,APPROVED,2026-04-23,2026-05-14 00:00:00
CLM002758,POL000601,CUST002555,6803.69,APPROVED,2026-05-05,2026-05-14 00:00:00
CLM002135,POL000975,CUST000840,4501.08,APPROVED,2026-04-27,2026-05-14 00:00:00
CLM000761,POL000731,CUST000472,9183.42,APPROVED,2026-04-29,2026-05-14 00:00:00
CLM002297,POL001421,CUST002469,12506.79,APPROVED,2026-05-06,2026-05-14 00:00:00
CLM005107,POL000183,CUST002797,4446.82,PENDING,2026-05-12,2026-05-13 04:00:00
CLM001197,POL000431,CUST001187,2155.59,CLOSED,2026-05-03,2026-05-14 00:00:00
CLM005526,POL000918,CUST002772,1079.08,PENDING,2026-04-27,2026-05-12 23:00:00
CLM005367,POL000053,CUST002668,3224.48,PENDING,2026-05-10,2026-05-12 08:00:00
CLM005203,POL000167,CUST001412,2387.66,APPROVED,2026-05-10,2026-05-13 02:00:00
CLM003875,POL001200,CUST002136,8488.9,APPROVED,2026-05-07,2026-05-14 00:00:00
CLM000416,POL001646,CUST001617,6014.81,APPROVED,2026-05-05,2026-05-14 00:00:00
CLM005595,POL000560,CUST000854,227.92,APPROVED,2026-05-02,2026-05-11 18:00:00
CLM000563,POL001660,CUST000931,2165.52,APPROVED,2026-05-05,2026-05-14 00:00:00
CLM003899,POL001798,CUST002648,9399.71,CLOSED,2026-05-05,2026-05-14 00:00:00
CLM003407,POL000937,CUST002462,7728.48,APPROVED,2026-04-27,2026-05-14 00:00:00
CLM005334,POL001097,CUST002867,3272.18,APPROVED,2026-05-04,2026-05-12 21:00:00
CLM002606,POL001254,CUST001439,7451.28,APPROVED,2026-04-30,2026-05-14 00:00:00
CLM005727,POL001954,CUST000437,7136.91,REJECTED,2026-04-27,2026-05-11 05:00:00
CLM005428,POL000091,CUST002812,1265.53,APPROVED,2026-04-27,2026-05-11 01:00:00
CLM005739,POL001055,CUST001919,2353.86,CLOSED,2026-05-12,2026-05-13 00:00:00
CLM003958,POL000591,CUST001110,5653.38,APPROVED,2026-04-27,2026-05-14 00:00:00
CLM002266,POL000613,CUST000317,14324.83,APPROVED,2026-05-06,2026-05-14 00:00:00
CLM005668,POL001336,CUST002394,786.51,PENDING,2026-05-07,2026-05-12 02:00:00
CLM005018,POL000300,CUST002644,1277.76,APPROVED,2026-05-06,2026-05-13 13:00:00
CLM005176,POL001161,CUST000638,9501.44,APPROVED,2026-05-10,2026-05-12 15:00:00
CLM000662,POL000560,CUST001144,4791.12,APPROVED,2026-05-09,2026-05-14 00:00:00
CLM002367,POL001959,CUST001545,3754.93,CLOSED,2026-04-25,2026-05-14 00:00:00
CLM005114,POL000095,CUST000633,2737.65,APPROVED,2026-05-11,2026-05-11 12:00:00
CLM005511,POL001797,CUST002453,1248.11,CLOSED,2026-04-27,2026-05-13 00:00:00
CLM005411,POL000172,CUST000826,2488.47,APPROVED,2026-04-26,2026-05-13 12:00:00
CLM002153,POL000321,CUST001631,11514.82,CLOSED,2026-05-04,2026-05-14 00:00:00
CLM004551,POL000509,CUST002959,2442.16,CLOSED,2026-04-24,2026-05-14 00:00:00
CLM003946,POL001060,CUST002845,2828.52,CLOSED,2026-05-03,2026-05-14 00:00:00
CLM001855,POL000318,CUST001077,6920.1,APPROVED,2026-05-06,2026-05-14 00:00:00
CLM005245,POL001120,CUST001361,2044.85,APPROVED,2026-05-04,2026-05-13 06:00:00
CLM002510,POL000210,CUST002489,5756.93,APPROVED,2026-04-29,2026-05-14 00:00:00
CLM004685,POL000319,CUST000712,4414.73,APPROVED,2026-05-02,2026-05-14 00:00:00
CLM005737,POL000241,CUST001276,3707.14,APPROVED,2026-05-08,2026-05-13 23:00:00
CLM000800,POL001781,CUST001615,750.59,APPROVED,2026-04-25,2026-05-14 00:00:00
CLM005768,POL000173,CUST001022,1624.25,CLOSED,2026-05-13,2026-05-13 03:00:00
CLM000232,POL001910,CUST001582,9310.79,APPROVED,2026-04-26,2026-05-14 00:00:00
CLM005299,POL000516,CUST000075,5752.48,APPROVED,2026-05-02,2026-05-13 02:00:00
CLM000910,POL001604,CUST000184,952.13,CLOSED,2026-05-01,2026-05-14 00:00:00
CLM001096,POL001117,CUST000008,11967.21,CLOSED,2026-05-04,2026-05-14 00:00:00
CLM004935,POL001045,CUST001918,7723.78,APPROVED,2026-05-01,2026-05-14 00:00:00
CLM003610,POL000506,CUST000658,8963.03,APPROVED,2026-04-22,2026-05-14 00:00:00
CLM005307,POL000076,CUST002390,4296.43,APPROVED,2026-05-14,2026-05-13 11:00:00
CLM001004,POL001343,CUST002737,4062.93,CLOSED,2026-05-04,2026-05-14 00:00:00
CLM005273,POL000608,CUST001427,14399.96,CLOSED,2026-05-06,2026-05-11 21:00:00
CLM005505,POL000067,CUST001228,611.24,PENDING,2026-05-02,2026-05-13 00:00:00
CLM004820,POL000806,CUST002247,9751.16,CLOSED,2026-04-24,2026-05-14 00:00:00
CLM000733,POL000641,CUST002168,9676.21,CLOSED,2026-04-29,2026-05-14 00:00:00
CLM005588,POL000203,CUST000564,8756.28,APPROVED,2026-04-27,2026-05-11 08:00:00
CLM005078,POL001374,CUST000433,6290.79,PENDING,2026-05-06,2026-05-13 05:00:00
CLM000214,POL001287,CUST002401,2318.97,CLOSED,2026-05-03,2026-05-14 00:00:00
CLM001490,POL000315,CUST000080,5229.81,CLOSED,2026-04-23,2026-05-14 00:00:00
CLM000666,POL000566,CUST001337,8590.28,APPROVED,2026-04-23,2026-05-14 00:00:00
CLM002418,POL001613,CUST000620,7840.82,APPROVED,2026-05-05,2026-05-14 00:00:00
CLM005028,POL000516,CUST000467,2103.33,PENDING,2026-04-30,2026-05-12 13:00:00
CLM001581,POL001952,CUST000345,8039.75,CLOSED,2026-05-02,2026-05-14 00:00:00
CLM005230,POL001779,CUST001655,5430.88,APPROVED,2026-05-09,2026-05-11 15:00:00
CLM005338,POL001413,CUST000086,4011.03,PENDING,2026-05-02,2026-05-13 16:00:00
CLM005538,POL001300,CUST000845,4862.48,APPROVED,2026-05-09,2026-05-13 13:00:00
CLM003106,POL001991,CUST001046,1727.47,CLOSED,2026-05-02,2026-05-14 00:00:00
CLM005286,POL001157,CUST002428,5028.29,PENDING,2026-04-28,2026-05-13 20:00:00
CLM005795,POL000897,CUST002088,6394.1,PENDING,2026-05-01,2026-05-12 02:00:00
CLM005178,POL001639,CUST001328,11078.95,CLOSED,2026-05-13,2026-05-11 03:00:00
CLM005580,POL000439,CUST002204,6026.44,CLOSED,2026-05-06,2026-05-12 14:00:00
CLM001703,POL001091,CUST000742,6818.52,CLOSED,2026-04-29,2026-05-14 00:00:00
CLM002001,POL001262,CUST000778,5423.57,APPROVED,2026-05-11,2026-05-14 00:00:00
CLM002557,POL000225,CUST001079,8361.13,APPROVED,2026-05-07,2026-05-14 00:00:00
CLM001550,POL000720,CUST000867,9651.09,APPROVED,2026-05-11,2026-05-14 00:00:00
CLM001678,POL000594,CUST000904,2958.7,APPROVED,2026-05-09,2026-05-14 00:00:00
CLM005791,POL000858,CUST000061,4939.42,PENDING,2026-04-25,2026-05-12 21:00:00
CLM005037,POL000937,CUST000475,332.92,APPROVED,2026-05-01,2026-05-11 20:00:00
CLM000962,POL000528,CUST002822,3927.61,APPROVED,2026-05-01,2026-05-14 00:00:00
CLM005218,POL000117,CUST002189,12632.6,PENDING,2026-05-12,2026-05-13 01:00:00
CLM004627,POL001445,CUST001772,3561.37,CLOSED,2026-04-22,2026-05-14 00:00:00
CLM005373,POL001183,CUST002893,3981.67,APPROVED,2026-05-04,2026-05-12 10:00:00
CLM001353,POL001306,CUST002208,4419.36,APPROVED,2026-04-25,2026-05-14 00:00:00
CLM005716,POL000184,CUST000987,17051.43,APPROVED,2026-05-06,2026-05-12 05:00:00
CLM005407,POL000624,CUST000117,4127.11,APPROVED,2026-05-04,2026-05-13 20:00:00
CLM005224,POL001711,CUST001837,2982.3,PENDING,2026-05-07,2026-05-11 16:00:00
CLM004936,POL001438,CUST001970,1717.48,CLOSED,2026-05-10,2026-05-14 00:00:00
CLM005420,POL000705,CUST000950,185.97,APPROVED,2026-05-08,2026-05-11 17:00:00
CLM003979,POL000109,CUST000852,1994.17,APPROVED,2026-05-01,2026-05-14 00:00:00
CLM005392,POL000258,CUST002203,1427.71,CLOSED,2026-05-11,2026-05-13 10:00:00
CLM004601,POL001980,CUST000691,1568.63,CLOSED,2026-04-29,2026-05-14 00:00:00
CLM005067,POL001457,CUST002297,13899.0,CLOSED,2026-04-29,2026-05-13 17:00:00
CLM001061,POL000573,CUST001607,5022.19,APPROVED,2026-04-24,2026-05-14 00:00:00
CLM000738,POL001321,CUST002769,7355.97,APPROVED,2026-05-01,2026-05-14 00:00:00
CLM002997,POL001324,CUST001377,9644.7,APPROVED,2026-05-04,2026-05-14 00:00:00
CLM001775,POL000363,CUST001420,3906.21,APPROVED,2026-05-06,2026-05-14 00:00:00
CLM002274,POL001692,CUST001329,10460.59,CLOSED,2026-04-22,2026-05-14 00:00:00
CLM005469,POL001824,CUST001701,3173.48,APPROVED,2026-05-01,2026-05-13 04:00:00
CLM005321,POL000546,CUST002112,6849.47,APPROVED,2026-05-02,2026-05-11 15:00:00
CLM001592,POL001569,CUST001629,8710.68,APPROVED,2026-05-03,2026-05-14 00:00:00
CLM005534,POL000950,CUST001791,3479.19,REJECTED,2026-05-10,2026-05-11 09:00:00
CLM003038,POL000650,CUST000929,4825.3,CLOSED,2026-04-29,2026-05-14 00:00:00
CLM001585,POL001322,CUST001047,4530.06,APPROVED,2026-04-29,2026-05-14 00:00:00
CLM001859,POL000102,CUST000516,539.3,CLOSED,2026-05-05,2026-05-14 00:00:00
CLM005366,POL001987,CUST002387,6210.75,PENDING,2026-05-09,2026-05-12 14:00:00
CLM003919,POL000807,CUST001118,3596.27,CLOSED,2026-04-26,2026-05-14 00:00:00
CLM005662,POL000810,CUST001380,2103.83,APPROVED,2026-05-13,2026-05-12 16:00:00
CLM005696,POL001571,CUST000810,6695.24,APPROVED,2026-05-09,2026-05-12 16:00:00
CLM005559,POL000777,CUST002830,1129.2,APPROVED,2026-04-26,2026-05-13 08:00:00
CLM005691,POL000555,CUST001626,5276.58,APPROVED,2026-05-12,2026-05-13 09:00:00
CLM005222,POL000183,CUST000415,7283.48,PENDING,2026-04-25,2026-05-13 23:00:00
CLM005378,POL000852,CUST000540,12917.93,APPROVED,2026-05-13,2026-05-12 04:00:00
CLM004065,POL000302,CUST001630,19061.94,APPROVED,2026-05-03,2026-05-14 00:00:00
CLM005086,POL000560,CUST000480,9079.18,CLOSED,2026-05-05,2026-05-11 23:00:00
CLM005568,POL001054,CUST002432,5817.59,APPROVED,2026-05-14,2026-05-11 13:00:00
CLM005404,POL000823,CUST002677,7464.7,REJECTED,2026-04-28,2026-05-13 17:00:00
CLM005376,POL000074,CUST000053,2130.58,APPROVED,2026-05-10,2026-05-13 05:00:00
CLM005663,POL001163,CUST001599,2524.9,APPROVED,2026-05-10,2026-05-12 00:00:00
CLM005665,POL001626,CUST000528,4847.7,CLOSED,2026-04-25,2026-05-14 00:00:00
CLM005098,POL001324,CUST000241,5743.64,CLOSED,2026-05-12,2026-05-12 11:00:00
CLM003277,POL001409,CUST002958,16246.53,APPROVED,2026-04-22,2026-05-14 00:00:00
CLM005215,POL000805,CUST000928,5431.51,CLOSED,2026-05-12,2026-05-13 21:00:00
CLM002865,POL001126,CUST002972,1641.83,APPROVED,2026-04-22,2026-05-14 00:00:00
CLM005014,POL000907,CUST001512,12514.24,APPROVED,2026-05-12,2026-05-13 15:00:00
CLM001791,POL000975,CUST000596,7295.68,APPROVED,2026-04-22,2026-05-14 00:00:00
CLM005119,POL000915,CUST002861,5280.61,APPROVED,2026-05-01,2026-05-12 02:00:00
CLM005166,POL000583,CUST002670,2164.99,CLOSED,2026-05-13,2026-05-13 16:00:00
CLM005048,POL000391,CUST001812,3479.04,APPROVED,2026-04-28,2026-05-11 11:00:00
CLM000188,POL001440,CUST002659,17429.43,CLOSED,2026-05-08,2026-05-14 00:00:00
CLM005050,POL000761,CUST000192,7222.95,CLOSED,2026-05-08,2026-05-12 08:00:00
CLM002414,POL000944,CUST001002,5865.86,APPROVED,2026-04-26,2026-05-14 00:00:00
CLM000719,POL001773,CUST000810,2749.28,APPROVED,2026-05-01,2026-05-14 00:00:00
CLM002078,POL001895,CUST001523,15510.6,CLOSED,2026-05-02,2026-05-14 00:00:00
CLM004559,POL001278,CUST001755,4670.45,APPROVED,2026-05-04,2026-05-14 00:00:00
CLM001261,POL001468,CUST000014,3447.41,APPROVED,2026-04-30,2026-05-14 00:00:00
CLM005033,POL000941,CUST002548,4119.67,APPROVED,2026-04-30,2026-05-12 18:00:00
CLM005081,POL001167,CUST002133,1546.03,CLOSED,2026-05-11,2026-05-12 12:00:00
CLM004212,POL001882,CUST000919,13740.88,CLOSED,2026-05-09,2026-05-14 00:00:00
CLM002016,POL000553,CUST001731,4176.9,APPROVED,2026-05-01,2026-05-14 00:00:00
CLM005047,POL000641,CUST000677,2177.77,REJECTED,2026-04-25,2026-05-11 07:00:00
CLM000518,POL000436,CUST000205,6143.68,APPROVED,2026-04-24,2026-05-14 00:00:00
CLM005571,POL000298,CUST002610,10319.97,APPROVED,2026-05-09,2026-05-13 21:00:00
CLM004080,POL001340,CUST001068,4096.72,CLOSED,2026-04-28,2026-05-14 00:00:00
CLM005322,POL001425,CUST000194,4868.31,APPROVED,2026-05-13,2026-05-11 23:00:00
CLM000722,POL000962,CUST001176,4881.04,APPROVED,2026-05-08,2026-05-14 00:00:00
CLM005157,POL001635,CUST001786,9994.89,APPROVED,2026-04-26,2026-05-11 13:00:00
CLM005084,POL000430,CUST001682,1323.69,APPROVED,2026-05-01,2026-05-13 18:00:00
CLM000230,POL001732,CUST001284,2092.14,APPROVED,2026-04-27,2026-05-14 00:00:00
CLM002535,POL001909,CUST002532,1582.97,CLOSED,2026-04-27,2026-05-14 00:00:00
CLM005507,POL001981,CUST000486,3904.04,APPROVED,2026-05-11,2026-05-13 23:00:00
CLM005689,POL001215,CUST001850,2298.57,REJECTED,2026-05-05,2026-05-13 04:00:00
CLM005746,POL000097,CUST000489,10826.88,APPROVED,2026-05-11,2026-05-12 21:00:00
CLM003384,POL001765,CUST002136,6956.78,APPROVED,2026-04-27,2026-05-14 00:00:00
CLM003236,POL000934,CUST000385,13712.6,APPROVED,2026-04-27,2026-05-14 00:00:00
CLM000187,POL001541,CUST002711,6700.1,CLOSED,2026-05-11,2026-05-14 00:00:00
CLM003558,POL001386,CUST000211,3405.15,CLOSED,2026-05-05,2026-05-14 00:00:00
CLM000427,POL001619,CUST000447,6139.04,APPROVED,2026-04-22,2026-05-14 00:00:00
CLM005063,POL000468,CUST000510,3249.98,APPROVED,2026-05-14,2026-05-14 00:00:00
CLM005102,POL000053,CUST000515,3945.5,REJECTED,2026-04-26,2026-05-12 10:00:00
CLM005097,POL001068,CUST001552,9357.12,CLOSED,2026-05-01,2026-05-12 12:00:00
CLM005016,POL000308,CUST000859,2240.87,PENDING,2026-05-01,2026-05-11 10:00:00
CLM005460,POL001424,CUST000469,4819.4,APPROVED,2026-05-08,2026-05-11 08:00:00
CLM005720,POL001249,CUST001234,2520.95,APPROVED,2026-04-30,2026-05-13 07:00:00
CLM005780,POL001364,CUST001942,4566.34,PENDING,2026-04-26,2026-05-12 11:00:00
CLM005396,POL001380,CUST002907,805.48,REJECTED,2026-05-12,2026-05-12 11:00:00
CLM004918,POL001936,CUST000150,2044.55,CLOSED,2026-05-08,2026-05-14 00:00:00
CLM000616,POL000844,CUST002286,8677.32,APPROVED,2026-05-04,2026-05-14 00:00:00
CLM005718,POL001639,CUST001183,3924.65,APPROVED,2026-05-08,2026-05-14 00:00:00
CLM005541,POL000225,CUST002724,3385.14,APPROVED,2026-05-02,2026-05-12 17:00:00
CLM005399,POL001364,CUST000122,2515.02,PENDING,2026-05-10,2026-05-11 14:00:00
CLM005782,POL000041,CUST000656,3419.82,APPROVED,2026-05-11,2026-05-12 04:00:00
CLM005061,POL000820,CUST001092,6283.17,APPROVED,2026-05-05,2026-05-12 08:00:00
CLM000512,POL001632,CUST002718,11401.03,CLOSED,2026-04-30,2026-05-14 00:00:00
CLM005220,POL001448,CUST002361,3584.69,CLOSED,2026-04-25,2026-05-12 07:00:00
CLM002888,POL000015,CUST000634,6994.14,APPROVED,2026-04-24,2026-05-14 00:00:00
CLM005773,POL001579,CUST000150,2115.9,APPROVED,2026-05-03,2026-05-11 07:00:00
CLM000005,POL000427,CUST000958,16355.69,APPROVED,2026-05-10,2026-05-14 00:00:00
CLM002168,POL000522,CUST002241,14903.07,APPROVED,2026-05-02,2026-05-14 00:00:00
CLM005126,POL001287,CUST000830,3608.31,APPROVED,2026-05-07,2026-05-13 06:00:00
CLM003758,POL000193,CUST002963,4588.8,APPROVED,2026-04-25,2026-05-14 00:00:00
CLM005646,POL000003,CUST001846,6092.16,APPROVED,2026-04-29,2026-05-13 03:00:00
CLM003909,POL000619,CUST001007,3027.67,APPROVED,2026-05-08,2026-05-14 00:00:00
CLM002037,POL000304,CUST000586,3399.44,APPROVED,2026-04-23,2026-05-14 00:00:00
CLM004226,POL000271,CUST001728,7462.63,APPROVED,2026-05-09,2026-05-14 00:00:00
CLM005667,POL000404,CUST000846,13163.26,PENDING,2026-05-07,2026-05-12 12:00:00
CLM001079,POL000403,CUST002715,2998.1,APPROVED,2026-04-28,2026-05-14 00:00:00
CLM005707,POL000949,CUST001409,5494.04,APPROVED,2026-04-28,2026-05-12 15:00:00
CLM004829,POL000316,CUST000762,1767.63,APPROVED,2026-04-29,2026-05-14 00:00:00
CLM005056,POL000449,CUST002635,873.5,APPROVED,2026-05-07,2026-05-12 22:00:00
CLM003216,POL001947,CUST000231,1345.44,APPROVED,2026-05-05,2026-05-14 00:00:00
CLM002317,POL000613,CUST002064,14606.08,CLOSED,2026-04-25,2026-05-14 00:00:00
CLM005379,POL000813,CUST000418,4269.43,APPROVED,2026-05-06,2026-05-12 15:00:00
CLM005275,POL001788,CUST000380,4654.2,APPROVED,2026-05-02,2026-05-13 00:00:00
CLM005525,POL001103,CUST001593,7802.78,APPROVED,2026-04-27,2026-05-11 21:00:00
CLM003996,POL000862,CUST002769,6365.09,APPROVED,2026-04-29,2026-05-14 00:00:00
CLM005447,POL001464,CUST001278,4342.25,CLOSED,2026-05-02,2026-05-11 02:00:00
CLM005688,POL001029,CUST001229,3416.57,PENDING,2026-05-04,2026-05-13 01:00:00
CLM005669,POL001152,CUST002818,5494.05,APPROVED,2026-05-04,2026-05-13 07:00:00
CLM000677,POL000547,CUST002504,4321.29,APPROVED,2026-05-10,2026-05-14 00:00:00
CLM000916,POL001191,CUST002589,4836.82,APPROVED,2026-05-09,2026-05-14 00:00:00
CLM000768,POL000509,CUST000993,17744.13,APPROVED,2026-04-23,2026-05-14 00:00:00
CLM004853,POL000801,CUST001125,1752.92,APPROVED,2026-04-29,2026-05-14 00:00:00
CLM002117,POL000668,CUST002392,3472.57,CLOSED,2026-05-01,2026-05-14 00:00:00
CLM005745,POL001254,CUST001158,1753.94,CLOSED,2026-05-11,2026-05-11 22:00:00
CLM000841,POL001592,CUST001673,8545.84,CLOSED,2026-04-30,2026-05-14 00:00:00
CLM004399,POL000214,CUST002712,9108.58,APPROVED,2026-05-03,2026-05-14 00:00:00
CLM003939,POL001641,CUST001949,1805.67,CLOSED,2026-04-29,2026-05-14 00:00:00
CLM004694,POL000655,CUST000084,3449.31,APPROVED,2026-04-22,2026-05-14 00:00:00
CLM005398,POL000565,CUST002541,7515.43,REJECTED,2026-05-02,2026-05-13 13:00:00
CLM005333,POL001731,CUST001961,9588.32,APPROVED,2026-05-09,2026-05-12 02:00:00
CLM005034,POL001790,CUST001064,3642.94,REJECTED,2026-05-10,2026-05-12 05:00:00
CLM005481,POL001788,CUST000368,2884.54,REJECTED,2026-05-10,2026-05-12 18:00:00
CLM005448,POL000424,CUST001018,9572.86,PENDING,2026-05-06,2026-05-11 10:00:00
CLM005694,POL000719,CUST001934,2069.92,CLOSED,2026-05-14,2026-05-13 20:00:00
CLM005645,POL001473,CUST000730,13895.63,APPROVED,2026-05-11,2026-05-11 08:00:00
CLM000090,POL000194,CUST001657,2546.44,CLOSED,2026-04-27,2026-05-14 00:00:00
CLM005450,POL001950,CUST001272,3646.87,APPROVED,2026-05-02,2026-05-11 02:00:00
CLM005590,POL001047,CUST002126,5996.25,APPROVED,2026-04-29,2026-05-12 04:00:00
